"","id","action_id","action","held","target","yield","points","token","condition"
"1",209,1,"combine","circle_plain_0","circle_checkered_0","",0,"7W9953DG","low-2"
"2",209,2,"combine","circle_plain_0","triangle_plain_0","",0,"7W9953DG","low-2"
"3",209,3,"combine","circle_plain_0","diamond_checkered_0","",0,"7W9953DG","low-2"
"4",209,4,"combine","circle_plain_0","square_stripes_0","",0,"7W9953DG","low-2"
"5",209,5,"combine","circle_plain_0","circle_stripes_0","",0,"7W9953DG","low-2"
"6",209,6,"combine","circle_plain_0","circle_dots_0","",0,"7W9953DG","low-2"
"7",209,7,"combine","circle_plain_0","circle_stripes_0","",0,"7W9953DG","low-2"
"8",209,8,"combine","circle_plain_0","diamond_plain_0","",0,"7W9953DG","low-2"
"9",209,9,"combine","circle_plain_0","triangle_dots_0","circle_dots_1",0,"7W9953DG","low-2"
"10",209,10,"combine","circle_dots_1","diamond_dots_0","",0,"7W9953DG","low-2"
"11",209,11,"combine","circle_dots_1","diamond_dots_0","",0,"7W9953DG","low-2"
"12",209,12,"combine","circle_dots_1","triangle_stripes_0","",0,"7W9953DG","low-2"
"13",209,13,"combine","circle_dots_1","circle_dots_0","",0,"7W9953DG","low-2"
"14",209,14,"combine","circle_dots_1","diamond_dots_0","",0,"7W9953DG","low-2"
"15",209,15,"consume","circle_dots_1","","",10,"7W9953DG","low-2"
"16",209,16,"consume","triangle_plain_0","","",1,"7W9953DG","low-2"
"17",209,17,"combine","triangle_dots_0","diamond_checkered_0","",0,"7W9953DG","low-2"
"18",209,18,"combine","triangle_dots_0","square_stripes_0","",0,"7W9953DG","low-2"
"19",209,19,"consume","triangle_dots_0","","",1,"7W9953DG","low-2"
"20",209,20,"consume","circle_plain_0","","",1,"7W9953DG","low-2"
"21",209,21,"combine","circle_checkered_0","square_checkered_0","",0,"7W9953DG","low-2"
"22",209,22,"combine","circle_checkered_0","triangle_stripes_0","circle_stripes_1",0,"7W9953DG","low-2"
"23",209,23,"consume","circle_stripes_1","","",10,"7W9953DG","low-2"
"24",209,24,"consume","diamond_dots_0","","",1,"7W9953DG","low-2"
"25",209,25,"combine","square_checkered_0","circle_stripes_0","square_stripes_1",0,"7W9953DG","low-2"
"26",209,26,"consume","square_stripes_1","","",10,"7W9953DG","low-2"
"27",209,27,"combine","triangle_checkered_0","triangle_stripes_0","triangle_stripes_1",0,"7W9953DG","low-2"
"28",209,28,"combine","triangle_stripes_1","circle_stripes_0","",0,"7W9953DG","low-2"
"29",209,29,"combine","triangle_stripes_1","circle_stripes_0","",0,"7W9953DG","low-2"
"30",209,30,"consume","triangle_stripes_1","","",10,"7W9953DG","low-2"
"31",209,31,"consume","diamond_stripes_0","","",1,"7W9953DG","low-2"
"32",209,32,"combine","diamond_plain_0","square_plain_0","",0,"7W9953DG","low-2"
"33",209,33,"combine","diamond_plain_0","square_plain_0","",0,"7W9953DG","low-2"
"34",209,34,"combine","diamond_plain_0","circle_checkered_0","",0,"7W9953DG","low-2"
"35",209,35,"consume","diamond_plain_0","","",1,"7W9953DG","low-2"
"36",209,36,"consume","diamond_dots_0","","",1,"7W9953DG","low-2"
"37",209,37,"combine","triangle_checkered_0","square_checkered_0","",0,"7W9953DG","low-2"
"38",209,38,"combine","triangle_checkered_0","circle_stripes_0","triangle_stripes_1",0,"7W9953DG","low-2"
"39",209,39,"combine","triangle_stripes_1","circle_checkered_0","triangle_checkered_2",0,"7W9953DG","low-2"
"40",209,40,"consume","triangle_checkered_2","","",100,"7W9953DG","low-2"
"41",210,1,"combine","triangle_dots_0","triangle_checkered_0","",0,"F6E9SINV","low-2"
"42",210,2,"combine","triangle_dots_0","diamond_dots_0","",0,"F6E9SINV","low-2"
"43",210,3,"combine","triangle_dots_0","circle_dots_0","",0,"F6E9SINV","low-2"
"44",210,4,"combine","triangle_dots_0","square_plain_0","triangle_plain_1",0,"F6E9SINV","low-2"
"45",210,5,"consume","triangle_plain_1","","",10,"F6E9SINV","low-2"
"46",210,6,"combine","diamond_plain_0","diamond_dots_0","",0,"F6E9SINV","low-2"
"47",210,7,"combine","diamond_plain_0","diamond_checkered_0","",0,"F6E9SINV","low-2"
"48",210,8,"combine","diamond_plain_0","triangle_checkered_0","",0,"F6E9SINV","low-2"
"49",210,9,"combine","diamond_plain_0","circle_stripes_0","",0,"F6E9SINV","low-2"
"50",210,10,"combine","diamond_plain_0","circle_dots_0","",0,"F6E9SINV","low-2"
"51",210,11,"combine","diamond_plain_0","square_plain_0","",0,"F6E9SINV","low-2"
"52",210,12,"combine","diamond_plain_0","triangle_stripes_0","",0,"F6E9SINV","low-2"
"53",210,13,"combine","diamond_plain_0","square_stripes_0","",0,"F6E9SINV","low-2"
"54",210,14,"combine","diamond_plain_0","circle_checkered_0","",0,"F6E9SINV","low-2"
"55",210,15,"combine","diamond_plain_0","square_checkered_0","",0,"F6E9SINV","low-2"
"56",210,16,"consume","diamond_plain_0","","",1,"F6E9SINV","low-2"
"57",210,17,"combine","square_checkered_0","square_stripes_0","square_stripes_1",0,"F6E9SINV","low-2"
"58",210,18,"consume","square_stripes_1","","",10,"F6E9SINV","low-2"
"59",210,19,"combine","square_dots_0","circle_plain_0","square_plain_1",0,"F6E9SINV","low-2"
"60",210,20,"combine","square_plain_1","square_checkered_0","",0,"F6E9SINV","low-2"
"61",210,21,"combine","square_plain_1","triangle_dots_0","square_dots_2",0,"F6E9SINV","low-2"
"62",210,22,"consume","square_dots_2","","",100,"F6E9SINV","low-2"
"63",210,23,"combine","square_dots_0","square_checkered_0","",0,"F6E9SINV","low-2"
"64",210,24,"combine","square_dots_0","diamond_plain_0","square_plain_1",0,"F6E9SINV","low-2"
"65",210,25,"combine","square_plain_1","square_plain_0","",0,"F6E9SINV","low-2"
"66",210,26,"combine","square_plain_1","triangle_stripes_0","",0,"F6E9SINV","low-2"
"67",210,27,"combine","square_plain_1","circle_dots_0","square_dots_2",0,"F6E9SINV","low-2"
"68",210,28,"combine","square_dots_2","circle_stripes_0","",0,"F6E9SINV","low-2"
"69",210,29,"combine","square_dots_2","triangle_checkered_0","",0,"F6E9SINV","low-2"
"70",210,30,"combine","square_dots_2","diamond_dots_0","",0,"F6E9SINV","low-2"
"71",210,31,"combine","square_dots_2","diamond_checkered_0","",0,"F6E9SINV","low-2"
"72",210,32,"consume","square_dots_2","","",100,"F6E9SINV","low-2"
"73",210,33,"combine","circle_plain_0","circle_checkered_0","",0,"F6E9SINV","low-2"
"74",210,34,"combine","circle_plain_0","triangle_plain_0","",0,"F6E9SINV","low-2"
"75",210,35,"combine","circle_plain_0","diamond_stripes_0","",0,"F6E9SINV","low-2"
"76",210,36,"combine","circle_plain_0","circle_dots_0","",0,"F6E9SINV","low-2"
"77",210,37,"combine","circle_plain_0","circle_stripes_0","",0,"F6E9SINV","low-2"
"78",210,38,"combine","circle_plain_0","square_plain_0","",0,"F6E9SINV","low-2"
"79",210,39,"combine","circle_plain_0","diamond_checkered_0","",0,"F6E9SINV","low-2"
"80",210,40,"combine","circle_plain_0","triangle_checkered_0","",0,"F6E9SINV","low-2"
"81",211,1,"combine","square_plain_0","square_stripes_0","",0,"53P3EC8S","low-2"
"82",211,2,"combine","square_plain_0","circle_plain_0","",0,"53P3EC8S","low-2"
"83",211,3,"combine","square_plain_0","circle_checkered_0","",0,"53P3EC8S","low-2"
"84",211,4,"combine","square_plain_0","triangle_checkered_0","",0,"53P3EC8S","low-2"
"85",211,5,"combine","square_plain_0","circle_stripes_0","",0,"53P3EC8S","low-2"
"86",211,6,"combine","triangle_checkered_0","triangle_plain_0","",0,"53P3EC8S","low-2"
"87",211,7,"combine","triangle_checkered_0","circle_checkered_0","",0,"53P3EC8S","low-2"
"88",211,8,"consume","triangle_checkered_0","","",1,"53P3EC8S","low-2"
"89",211,9,"combine","diamond_checkered_0","square_dots_0","",0,"53P3EC8S","low-2"
"90",211,10,"consume","diamond_checkered_0","","",1,"53P3EC8S","low-2"
"91",211,11,"combine","triangle_checkered_0","diamond_checkered_0","",0,"53P3EC8S","low-2"
"92",211,12,"combine","triangle_checkered_0","circle_dots_0","",0,"53P3EC8S","low-2"
"93",211,13,"combine","triangle_checkered_0","triangle_stripes_0","triangle_stripes_1",0,"53P3EC8S","low-2"
"94",211,14,"consume","triangle_stripes_1","","",10,"53P3EC8S","low-2"
"95",211,15,"combine","triangle_dots_0","triangle_stripes_0","",0,"53P3EC8S","low-2"
"96",211,16,"combine","triangle_dots_0","triangle_plain_0","triangle_plain_1",0,"53P3EC8S","low-2"
"97",211,17,"combine","triangle_plain_1","triangle_dots_0","triangle_dots_2",0,"53P3EC8S","low-2"
"98",211,18,"combine","triangle_dots_2","triangle_stripes_0","",0,"53P3EC8S","low-2"
"99",211,19,"combine","triangle_dots_2","square_checkered_0","",0,"53P3EC8S","low-2"
"100",211,20,"combine","triangle_dots_2","triangle_plain_0","triangle_plain_3",0,"53P3EC8S","low-2"
"101",211,21,"combine","triangle_plain_3","triangle_stripes_0","",0,"53P3EC8S","low-2"
"102",211,22,"combine","triangle_plain_3","diamond_stripes_0","",0,"53P3EC8S","low-2"
"103",211,23,"combine","triangle_plain_3","diamond_checkered_0","",0,"53P3EC8S","low-2"
"104",211,24,"combine","triangle_plain_3","circle_dots_0","triangle_dots_4",0,"53P3EC8S","low-2"
"105",211,25,"combine","triangle_dots_4","circle_plain_0","triangle_plain_5",0,"53P3EC8S","low-2"
"106",211,26,"combine","triangle_plain_5","circle_stripes_0","",0,"53P3EC8S","low-2"
"107",211,27,"consume","triangle_plain_5","","",100000,"53P3EC8S","low-2"
"108",211,28,"combine","diamond_dots_0","diamond_plain_0","",0,"53P3EC8S","low-2"
"109",211,29,"combine","diamond_dots_0","diamond_stripes_0","",0,"53P3EC8S","low-2"
"110",211,30,"combine","diamond_dots_0","diamond_checkered_0","",0,"53P3EC8S","low-2"
"111",211,31,"consume","diamond_dots_0","","",1,"53P3EC8S","low-2"
"112",211,32,"combine","square_stripes_0","square_checkered_0","square_checkered_1",0,"53P3EC8S","low-2"
"113",211,33,"combine","square_checkered_1","square_dots_0","",0,"53P3EC8S","low-2"
"114",211,34,"combine","square_checkered_1","square_plain_0","",0,"53P3EC8S","low-2"
"115",211,35,"combine","square_checkered_1","square_stripes_0","square_stripes_2",0,"53P3EC8S","low-2"
"116",211,36,"combine","square_stripes_2","square_dots_0","",0,"53P3EC8S","low-2"
"117",211,37,"combine","square_stripes_2","square_checkered_0","square_checkered_3",0,"53P3EC8S","low-2"
"118",211,38,"combine","square_checkered_3","triangle_stripes_0","square_stripes_4",0,"53P3EC8S","low-2"
"119",211,39,"combine","square_stripes_4","circle_plain_0","",0,"53P3EC8S","low-2"
"120",211,40,"combine","square_stripes_4","square_plain_0","",0,"53P3EC8S","low-2"
"121",212,1,"combine","triangle_dots_0","circle_dots_0","",0,"L0PTN8LC","low-2"
"122",212,2,"combine","circle_dots_0","circle_stripes_0","",0,"L0PTN8LC","low-2"
"123",212,3,"combine","circle_plain_0","circle_stripes_0","",0,"L0PTN8LC","low-2"
"124",212,4,"combine","circle_plain_0","circle_stripes_0","",0,"L0PTN8LC","low-2"
"125",212,5,"combine","diamond_checkered_0","square_stripes_0","diamond_stripes_1",0,"L0PTN8LC","low-2"
"126",212,6,"combine","diamond_stripes_1","diamond_checkered_0","",0,"L0PTN8LC","low-2"
"127",212,7,"combine","diamond_stripes_1","square_checkered_0","diamond_checkered_2",0,"L0PTN8LC","low-2"
"128",212,8,"combine","diamond_checkered_2","triangle_dots_0","",0,"L0PTN8LC","low-2"
"129",212,9,"combine","diamond_checkered_2","diamond_stripes_0","",0,"L0PTN8LC","low-2"
"130",212,10,"combine","diamond_checkered_2","diamond_dots_0","",0,"L0PTN8LC","low-2"
"131",212,11,"combine","diamond_checkered_2","square_dots_0","",0,"L0PTN8LC","low-2"
"132",212,12,"combine","diamond_checkered_2","triangle_plain_0","",0,"L0PTN8LC","low-2"
"133",212,13,"combine","diamond_checkered_2","circle_checkered_0","",0,"L0PTN8LC","low-2"
"134",212,14,"combine","diamond_checkered_0","square_checkered_0","",0,"L0PTN8LC","low-2"
"135",212,15,"combine","diamond_checkered_0","square_dots_0","",0,"L0PTN8LC","low-2"
"136",212,16,"combine","diamond_checkered_0","diamond_plain_0","",0,"L0PTN8LC","low-2"
"137",212,17,"combine","diamond_checkered_0","diamond_stripes_0","",0,"L0PTN8LC","low-2"
"138",212,18,"combine","diamond_checkered_0","triangle_dots_0","",0,"L0PTN8LC","low-2"
"139",212,19,"combine","diamond_checkered_0","diamond_stripes_0","",0,"L0PTN8LC","low-2"
"140",212,20,"combine","diamond_checkered_0","diamond_checkered_2","",0,"L0PTN8LC","low-2"
"141",212,21,"combine","square_stripes_0","diamond_checkered_0","square_checkered_1",0,"L0PTN8LC","low-2"
"142",212,22,"combine","square_checkered_1","diamond_stripes_0","square_stripes_2",0,"L0PTN8LC","low-2"
"143",212,23,"combine","square_stripes_2","diamond_checkered_2","square_checkered_3",0,"L0PTN8LC","low-2"
"144",212,24,"combine","square_checkered_3","diamond_stripes_0","square_stripes_4",0,"L0PTN8LC","low-2"
"145",212,25,"combine","square_stripes_4","diamond_dots_0","",0,"L0PTN8LC","low-2"
"146",212,26,"combine","square_stripes_4","diamond_plain_0","",0,"L0PTN8LC","low-2"
"147",212,27,"combine","triangle_stripes_0","circle_checkered_0","triangle_checkered_1",0,"L0PTN8LC","low-2"
"148",212,28,"combine","triangle_checkered_1","circle_stripes_0","triangle_stripes_2",0,"L0PTN8LC","low-2"
"149",212,29,"combine","triangle_stripes_2","square_checkered_0","triangle_checkered_3",0,"L0PTN8LC","low-2"
"150",212,30,"combine","triangle_checkered_3","square_stripes_4","triangle_stripes_5",0,"L0PTN8LC","low-2"
"151",212,31,"combine","triangle_stripes_5","circle_checkered_0","",0,"L0PTN8LC","low-2"
"152",212,32,"combine","triangle_stripes_5","triangle_checkered_0","",0,"L0PTN8LC","low-2"
"153",212,33,"combine","circle_stripes_0","triangle_checkered_0","circle_checkered_1",0,"L0PTN8LC","low-2"
"154",212,34,"combine","circle_checkered_1","triangle_stripes_5","",0,"L0PTN8LC","low-2"
"155",212,35,"combine","circle_checkered_1","triangle_stripes_0","circle_stripes_2",0,"L0PTN8LC","low-2"
"156",212,36,"combine","circle_stripes_2","circle_checkered_0","",0,"L0PTN8LC","low-2"
"157",212,37,"combine","circle_stripes_2","triangle_stripes_5","",0,"L0PTN8LC","low-2"
"158",212,38,"combine","triangle_checkered_0","circle_stripes_2","triangle_stripes_3",0,"L0PTN8LC","low-2"
"159",212,39,"combine","triangle_stripes_3","circle_checkered_0","triangle_checkered_4",0,"L0PTN8LC","low-2"
"160",212,40,"combine","triangle_checkered_4","triangle_stripes_5","",0,"L0PTN8LC","low-2"
"161",213,1,"consume","square_stripes_0","","",1,"ZNI0LX5L","low-2"
"162",213,2,"consume","square_dots_0","","",1,"ZNI0LX5L","low-2"
"163",213,3,"combine","square_plain_0","circle_plain_0","",0,"ZNI0LX5L","low-2"
"164",213,4,"combine","square_plain_0","diamond_plain_0","",0,"ZNI0LX5L","low-2"
"165",213,5,"combine","square_plain_0","square_stripes_0","",0,"ZNI0LX5L","low-2"
"166",213,6,"combine","square_plain_0","square_dots_0","square_dots_1",0,"ZNI0LX5L","low-2"
"167",213,7,"combine","square_dots_1","square_stripes_0","",0,"ZNI0LX5L","low-2"
"168",213,8,"combine","square_dots_1","square_checkered_0","",0,"ZNI0LX5L","low-2"
"169",213,9,"combine","square_dots_1","triangle_checkered_0","",0,"ZNI0LX5L","low-2"
"170",213,10,"consume","square_dots_1","","",10,"ZNI0LX5L","low-2"
"171",213,11,"consume","triangle_checkered_0","","",1,"ZNI0LX5L","low-2"
"172",213,12,"combine","circle_checkered_0","circle_dots_0","",0,"ZNI0LX5L","low-2"
"173",213,13,"combine","circle_checkered_0","circle_dots_0","",0,"ZNI0LX5L","low-2"
"174",213,14,"combine","circle_checkered_0","triangle_checkered_0","",0,"ZNI0LX5L","low-2"
"175",213,15,"combine","circle_checkered_0","triangle_checkered_0","",0,"ZNI0LX5L","low-2"
"176",213,16,"combine","circle_checkered_0","circle_stripes_0","",0,"ZNI0LX5L","low-2"
"177",213,17,"combine","circle_checkered_0","diamond_checkered_0","",0,"ZNI0LX5L","low-2"
"178",213,18,"combine","circle_checkered_0","diamond_checkered_0","",0,"ZNI0LX5L","low-2"
"179",213,19,"combine","circle_checkered_0","diamond_plain_0","",0,"ZNI0LX5L","low-2"
"180",213,20,"combine","circle_checkered_0","diamond_plain_0","",0,"ZNI0LX5L","low-2"
"181",213,21,"combine","circle_checkered_0","triangle_plain_0","",0,"ZNI0LX5L","low-2"
"182",213,22,"combine","circle_checkered_0","diamond_dots_0","",0,"ZNI0LX5L","low-2"
"183",213,23,"combine","circle_checkered_0","diamond_checkered_0","",0,"ZNI0LX5L","low-2"
"184",213,24,"combine","circle_checkered_0","diamond_checkered_0","",0,"ZNI0LX5L","low-2"
"185",213,25,"combine","circle_checkered_0","diamond_checkered_0","",0,"ZNI0LX5L","low-2"
"186",213,26,"combine","circle_checkered_0","circle_stripes_0","",0,"ZNI0LX5L","low-2"
"187",213,27,"consume","circle_checkered_0","","",1,"ZNI0LX5L","low-2"
"188",213,28,"combine","diamond_checkered_0","circle_stripes_0","",0,"ZNI0LX5L","low-2"
"189",213,29,"consume","diamond_checkered_0","","",1,"ZNI0LX5L","low-2"
"190",213,30,"consume","circle_stripes_0","","",1,"ZNI0LX5L","low-2"
"191",213,31,"consume","triangle_checkered_0","","",1,"ZNI0LX5L","low-2"
"192",213,32,"consume","diamond_plain_0","","",1,"ZNI0LX5L","low-2"
"193",213,33,"consume","circle_plain_0","","",1,"ZNI0LX5L","low-2"
"194",213,34,"consume","diamond_checkered_0","","",1,"ZNI0LX5L","low-2"
"195",213,35,"combine","square_plain_0","triangle_dots_0","square_dots_1",0,"ZNI0LX5L","low-2"
"196",213,36,"consume","square_dots_1","","",10,"ZNI0LX5L","low-2"
"197",213,37,"consume","circle_dots_0","","",1,"ZNI0LX5L","low-2"
"198",213,38,"consume","triangle_plain_0","","",1,"ZNI0LX5L","low-2"
"199",213,39,"consume","diamond_dots_0","","",1,"ZNI0LX5L","low-2"
"200",213,40,"consume","triangle_plain_0","","",1,"ZNI0LX5L","low-2"
"201",214,1,"combine","square_stripes_0","circle_dots_0","",0,"IKGSS63Y","low-2"
"202",214,2,"combine","square_stripes_0","triangle_dots_0","",0,"IKGSS63Y","low-2"
"203",214,3,"combine","square_stripes_0","diamond_plain_0","",0,"IKGSS63Y","low-2"
"204",214,4,"combine","square_stripes_0","diamond_plain_0","",0,"IKGSS63Y","low-2"
"205",214,5,"consume","square_stripes_0","","",1,"IKGSS63Y","low-2"
"206",214,6,"combine","diamond_stripes_0","diamond_plain_0","",0,"IKGSS63Y","low-2"
"207",214,7,"consume","diamond_stripes_0","","",1,"IKGSS63Y","low-2"
"208",214,8,"combine","square_stripes_0","circle_stripes_0","",0,"IKGSS63Y","low-2"
"209",214,9,"combine","square_stripes_0","circle_plain_0","",0,"IKGSS63Y","low-2"
"210",214,10,"combine","square_stripes_0","circle_plain_0","",0,"IKGSS63Y","low-2"
"211",214,11,"combine","square_stripes_0","square_checkered_0","square_checkered_1",0,"IKGSS63Y","low-2"
"212",214,12,"combine","square_checkered_1","triangle_stripes_0","square_stripes_2",0,"IKGSS63Y","low-2"
"213",214,13,"consume","square_stripes_2","","",100,"IKGSS63Y","low-2"
"214",214,14,"combine","triangle_checkered_0","diamond_dots_0","",0,"IKGSS63Y","low-2"
"215",214,15,"combine","triangle_checkered_0","diamond_dots_0","",0,"IKGSS63Y","low-2"
"216",214,16,"combine","triangle_checkered_0","circle_checkered_0","",0,"IKGSS63Y","low-2"
"217",214,17,"combine","triangle_checkered_0","square_checkered_0","",0,"IKGSS63Y","low-2"
"218",214,18,"combine","triangle_checkered_0","diamond_plain_0","",0,"IKGSS63Y","low-2"
"219",214,19,"combine","triangle_checkered_0","triangle_dots_0","",0,"IKGSS63Y","low-2"
"220",214,20,"combine","triangle_checkered_0","diamond_checkered_0","",0,"IKGSS63Y","low-2"
"221",214,21,"combine","triangle_checkered_0","triangle_plain_0","",0,"IKGSS63Y","low-2"
"222",214,22,"combine","triangle_checkered_0","triangle_stripes_0","triangle_stripes_1",0,"IKGSS63Y","low-2"
"223",214,23,"consume","triangle_stripes_1","","",10,"IKGSS63Y","low-2"
"224",214,24,"combine","circle_plain_0","triangle_checkered_0","",0,"IKGSS63Y","low-2"
"225",214,25,"combine","circle_plain_0","triangle_checkered_0","",0,"IKGSS63Y","low-2"
"226",214,26,"combine","circle_plain_0","diamond_dots_0","",0,"IKGSS63Y","low-2"
"227",214,27,"combine","circle_plain_0","circle_checkered_0","",0,"IKGSS63Y","low-2"
"228",214,28,"consume","circle_plain_0","","",1,"IKGSS63Y","low-2"
"229",214,29,"combine","square_plain_0","circle_dots_0","square_dots_1",0,"IKGSS63Y","low-2"
"230",214,30,"consume","square_dots_1","","",10,"IKGSS63Y","low-2"
"231",214,31,"combine","triangle_plain_0","square_dots_0","triangle_dots_1",0,"IKGSS63Y","low-2"
"232",214,32,"consume","triangle_dots_1","","",10,"IKGSS63Y","low-2"
"233",214,33,"combine","square_plain_0","triangle_checkered_0","",0,"IKGSS63Y","low-2"
"234",214,34,"consume","square_plain_0","","",1,"IKGSS63Y","low-2"
"235",214,35,"combine","triangle_checkered_0","triangle_dots_0","",0,"IKGSS63Y","low-2"
"236",214,36,"combine","triangle_checkered_0","triangle_plain_0","",0,"IKGSS63Y","low-2"
"237",214,37,"consume","triangle_checkered_0","","",1,"IKGSS63Y","low-2"
"238",214,38,"combine","diamond_plain_0","diamond_stripes_0","",0,"IKGSS63Y","low-2"
"239",214,39,"combine","diamond_plain_0","diamond_stripes_0","",0,"IKGSS63Y","low-2"
"240",214,40,"combine","diamond_plain_0","circle_dots_0","",0,"IKGSS63Y","low-2"
"241",215,1,"consume","diamond_checkered_0","","",1,"JMCDP82W","low-2"
"242",215,2,"combine","square_checkered_0","square_dots_0","",0,"JMCDP82W","low-2"
"243",215,3,"combine","square_checkered_0","triangle_stripes_0","square_stripes_1",0,"JMCDP82W","low-2"
"244",215,4,"combine","square_stripes_1","triangle_plain_0","",0,"JMCDP82W","low-2"
"245",215,5,"combine","circle_dots_0","circle_checkered_0","",0,"JMCDP82W","low-2"
"246",215,6,"combine","circle_dots_0","circle_stripes_0","",0,"JMCDP82W","low-2"
"247",215,7,"combine","circle_plain_0","circle_dots_0","",0,"JMCDP82W","low-2"
"248",215,8,"combine","circle_plain_0","circle_stripes_0","",0,"JMCDP82W","low-2"
"249",215,9,"combine","triangle_stripes_0","triangle_dots_0","",0,"JMCDP82W","low-2"
"250",215,10,"combine","square_stripes_0","square_dots_0","",0,"JMCDP82W","low-2"
"251",215,11,"combine","square_stripes_0","square_plain_0","",0,"JMCDP82W","low-2"
"252",215,12,"consume","square_stripes_0","","",1,"JMCDP82W","low-2"
"253",215,13,"combine","square_checkered_0","square_stripes_0","square_stripes_1",0,"JMCDP82W","low-2"
"254",215,14,"consume","square_stripes_1","","",10,"JMCDP82W","low-2"
"255",215,15,"combine","diamond_dots_0","diamond_checkered_0","",0,"JMCDP82W","low-2"
"256",215,16,"combine","diamond_checkered_0","diamond_plain_0","",0,"JMCDP82W","low-2"
"257",215,17,"combine","diamond_dots_0","diamond_plain_0","",0,"JMCDP82W","low-2"
"258",215,18,"combine","diamond_stripes_0","diamond_checkered_0","",0,"JMCDP82W","low-2"
"259",215,19,"combine","diamond_stripes_0","diamond_plain_0","",0,"JMCDP82W","low-2"
"260",215,20,"combine","diamond_stripes_0","diamond_dots_0","",0,"JMCDP82W","low-2"
"261",215,21,"combine","square_plain_0","square_stripes_1","",0,"JMCDP82W","low-2"
"262",215,22,"combine","square_plain_0","square_dots_0","square_dots_1",0,"JMCDP82W","low-2"
"263",215,23,"consume","square_dots_1","","",10,"JMCDP82W","low-2"
"264",215,24,"combine","square_dots_0","square_stripes_1","",0,"JMCDP82W","low-2"
"265",215,25,"consume","square_dots_0","","",1,"JMCDP82W","low-2"
"266",215,26,"consume","square_plain_0","","",1,"JMCDP82W","low-2"
"267",215,27,"combine","circle_plain_0","circle_stripes_0","",0,"JMCDP82W","low-2"
"268",215,28,"combine","triangle_plain_0","triangle_dots_0","triangle_dots_1",0,"JMCDP82W","low-2"
"269",215,29,"combine","triangle_stripes_0","triangle_plain_0","",0,"JMCDP82W","low-2"
"270",215,30,"combine","triangle_stripes_0","triangle_checkered_0","triangle_checkered_1",0,"JMCDP82W","low-2"
"271",215,31,"combine","triangle_checkered_1","triangle_dots_1","",0,"JMCDP82W","low-2"
"272",215,32,"consume","triangle_checkered_1","","",10,"JMCDP82W","low-2"
"273",215,33,"combine","triangle_dots_1","triangle_plain_0","triangle_plain_2",0,"JMCDP82W","low-2"
"274",215,34,"combine","triangle_plain_2","triangle_dots_0","triangle_dots_3",0,"JMCDP82W","low-2"
"275",215,35,"combine","triangle_dots_3","triangle_checkered_0","",0,"JMCDP82W","low-2"
"276",215,36,"combine","circle_stripes_0","circle_plain_0","",0,"JMCDP82W","low-2"
"277",215,37,"combine","circle_stripes_0","circle_dots_0","",0,"JMCDP82W","low-2"
"278",215,38,"combine","circle_stripes_0","circle_checkered_0","",0,"JMCDP82W","low-2"
"279",215,39,"consume","circle_stripes_0","","",1,"JMCDP82W","low-2"
"280",215,40,"combine","circle_plain_0","circle_dots_0","",0,"JMCDP82W","low-2"
"281",216,1,"combine","square_plain_0","circle_stripes_0","",0,"UN8KK46W","low-2"
"282",216,2,"combine","square_plain_0","triangle_plain_0","",0,"UN8KK46W","low-2"
"283",216,3,"combine","square_plain_0","circle_plain_0","",0,"UN8KK46W","low-2"
"284",216,4,"combine","square_plain_0","circle_plain_0","",0,"UN8KK46W","low-2"
"285",216,5,"combine","square_plain_0","triangle_dots_0","square_dots_1",0,"UN8KK46W","low-2"
"286",216,6,"consume","square_dots_1","","",10,"UN8KK46W","low-2"
"287",216,7,"combine","triangle_checkered_0","diamond_checkered_0","",0,"UN8KK46W","low-2"
"288",216,8,"combine","triangle_checkered_0","circle_dots_0","",0,"UN8KK46W","low-2"
"289",216,9,"combine","triangle_checkered_0","square_plain_0","",0,"UN8KK46W","low-2"
"290",216,10,"combine","triangle_checkered_0","diamond_plain_0","",0,"UN8KK46W","low-2"
"291",216,11,"combine","triangle_checkered_0","triangle_stripes_0","triangle_stripes_1",0,"UN8KK46W","low-2"
"292",216,12,"combine","triangle_stripes_1","circle_stripes_0","",0,"UN8KK46W","low-2"
"293",216,13,"combine","triangle_stripes_1","square_stripes_0","",0,"UN8KK46W","low-2"
"294",216,14,"combine","triangle_stripes_1","circle_plain_0","",0,"UN8KK46W","low-2"
"295",216,15,"combine","triangle_stripes_1","triangle_plain_0","",0,"UN8KK46W","low-2"
"296",216,16,"combine","triangle_stripes_1","diamond_checkered_0","triangle_checkered_2",0,"UN8KK46W","low-2"
"297",216,17,"combine","triangle_checkered_2","square_dots_0","",0,"UN8KK46W","low-2"
"298",216,18,"combine","triangle_checkered_2","circle_stripes_0","triangle_stripes_3",0,"UN8KK46W","low-2"
"299",216,19,"combine","triangle_stripes_3","diamond_dots_0","",0,"UN8KK46W","low-2"
"300",216,20,"combine","triangle_stripes_3","diamond_checkered_0","triangle_checkered_4",0,"UN8KK46W","low-2"
"301",216,21,"combine","triangle_checkered_4","diamond_stripes_0","triangle_stripes_5",0,"UN8KK46W","low-2"
"302",216,22,"consume","triangle_stripes_5","","",100000,"UN8KK46W","low-2"
"303",216,23,"combine","triangle_checkered_0","triangle_stripes_0","triangle_stripes_1",0,"UN8KK46W","low-2"
"304",216,24,"combine","triangle_stripes_1","diamond_dots_0","",0,"UN8KK46W","low-2"
"305",216,25,"combine","triangle_stripes_1","triangle_dots_0","",0,"UN8KK46W","low-2"
"306",216,26,"combine","triangle_stripes_1","diamond_stripes_0","",0,"UN8KK46W","low-2"
"307",216,27,"combine","triangle_stripes_1","diamond_plain_0","",0,"UN8KK46W","low-2"
"308",216,28,"combine","triangle_stripes_1","square_plain_0","",0,"UN8KK46W","low-2"
"309",216,29,"combine","triangle_stripes_1","square_checkered_0","triangle_checkered_2",0,"UN8KK46W","low-2"
"310",216,30,"combine","triangle_checkered_2","circle_stripes_0","triangle_stripes_3",0,"UN8KK46W","low-2"
"311",216,31,"combine","triangle_stripes_3","triangle_plain_0","",0,"UN8KK46W","low-2"
"312",216,32,"combine","triangle_stripes_3","circle_plain_0","",0,"UN8KK46W","low-2"
"313",216,33,"combine","triangle_stripes_3","square_dots_0","",0,"UN8KK46W","low-2"
"314",216,34,"combine","triangle_stripes_3","diamond_stripes_0","",0,"UN8KK46W","low-2"
"315",216,35,"combine","triangle_stripes_3","circle_dots_0","",0,"UN8KK46W","low-2"
"316",216,36,"combine","triangle_stripes_3","square_stripes_0","",0,"UN8KK46W","low-2"
"317",216,37,"combine","triangle_stripes_3","circle_checkered_0","triangle_checkered_4",0,"UN8KK46W","low-2"
"318",216,38,"combine","triangle_checkered_4","diamond_stripes_0","triangle_stripes_5",0,"UN8KK46W","low-2"
"319",216,39,"consume","triangle_stripes_5","","",100000,"UN8KK46W","low-2"
"320",216,40,"consume","triangle_dots_0","","",1,"UN8KK46W","low-2"
"321",217,1,"combine","circle_plain_0","circle_checkered_0","",0,"AHNH7YMS","low-2"
"322",217,2,"combine","circle_plain_0","diamond_dots_0","",0,"AHNH7YMS","low-2"
"323",217,3,"combine","circle_plain_0","square_plain_0","",0,"AHNH7YMS","low-2"
"324",217,4,"combine","circle_plain_0","triangle_plain_0","",0,"AHNH7YMS","low-2"
"325",217,5,"combine","circle_plain_0","triangle_checkered_0","",0,"AHNH7YMS","low-2"
"326",217,6,"combine","circle_plain_0","square_dots_0","circle_dots_1",0,"AHNH7YMS","low-2"
"327",217,7,"combine","circle_dots_1","triangle_dots_0","",0,"AHNH7YMS","low-2"
"328",217,8,"combine","circle_dots_1","diamond_stripes_0","",0,"AHNH7YMS","low-2"
"329",217,9,"combine","circle_dots_1","diamond_plain_0","",0,"AHNH7YMS","low-2"
"330",217,10,"combine","circle_dots_1","circle_plain_0","",0,"AHNH7YMS","low-2"
"331",217,11,"combine","circle_dots_1","square_checkered_0","",0,"AHNH7YMS","low-2"
"332",217,12,"combine","circle_dots_1","triangle_plain_0","circle_plain_2",0,"AHNH7YMS","low-2"
"333",217,13,"combine","circle_plain_2","triangle_checkered_0","",0,"AHNH7YMS","low-2"
"334",217,14,"combine","circle_plain_2","square_plain_0","",0,"AHNH7YMS","low-2"
"335",217,15,"combine","circle_plain_2","square_stripes_0","",0,"AHNH7YMS","low-2"
"336",217,16,"combine","circle_plain_2","diamond_dots_0","",0,"AHNH7YMS","low-2"
"337",217,17,"combine","circle_plain_2","circle_checkered_0","",0,"AHNH7YMS","low-2"
"338",217,18,"combine","circle_plain_2","triangle_plain_0","",0,"AHNH7YMS","low-2"
"339",217,19,"combine","circle_plain_2","triangle_stripes_0","",0,"AHNH7YMS","low-2"
"340",217,20,"combine","circle_plain_2","diamond_checkered_0","",0,"AHNH7YMS","low-2"
"341",217,21,"combine","circle_plain_2","circle_stripes_0","",0,"AHNH7YMS","low-2"
"342",217,22,"combine","circle_plain_2","triangle_dots_0","circle_dots_3",0,"AHNH7YMS","low-2"
"343",217,23,"combine","circle_dots_3","square_dots_0","",0,"AHNH7YMS","low-2"
"344",217,24,"combine","circle_dots_3","square_checkered_0","",0,"AHNH7YMS","low-2"
"345",217,25,"combine","circle_dots_3","circle_plain_0","",0,"AHNH7YMS","low-2"
"346",217,26,"combine","circle_dots_3","diamond_plain_0","",0,"AHNH7YMS","low-2"
"347",217,27,"combine","circle_dots_3","diamond_stripes_0","",0,"AHNH7YMS","low-2"
"348",217,28,"combine","circle_dots_3","triangle_dots_0","",0,"AHNH7YMS","low-2"
"349",217,29,"consume","circle_dots_3","","",1000,"AHNH7YMS","low-2"
"350",217,30,"combine","circle_checkered_0","square_dots_0","",0,"AHNH7YMS","low-2"
"351",217,31,"combine","circle_checkered_0","square_checkered_0","",0,"AHNH7YMS","low-2"
"352",217,32,"combine","circle_checkered_0","circle_plain_0","",0,"AHNH7YMS","low-2"
"353",217,33,"combine","circle_checkered_0","diamond_stripes_0","",0,"AHNH7YMS","low-2"
"354",217,34,"combine","circle_checkered_0","square_plain_0","",0,"AHNH7YMS","low-2"
"355",217,35,"combine","circle_checkered_0","triangle_checkered_0","",0,"AHNH7YMS","low-2"
"356",217,36,"combine","circle_checkered_0","square_stripes_0","circle_stripes_1",0,"AHNH7YMS","low-2"
"357",217,37,"combine","circle_stripes_1","triangle_plain_0","",0,"AHNH7YMS","low-2"
"358",217,38,"combine","circle_stripes_1","triangle_stripes_0","",0,"AHNH7YMS","low-2"
"359",217,39,"combine","circle_stripes_1","diamond_checkered_0","",0,"AHNH7YMS","low-2"
"360",217,40,"combine","circle_stripes_1","circle_dots_0","",0,"AHNH7YMS","low-2"
"361",218,1,"consume","square_stripes_0","","",1,"RS5NHVUM","low-2"
"362",218,2,"consume","square_checkered_0","","",1,"RS5NHVUM","low-2"
"363",218,3,"consume","square_dots_0","","",1,"RS5NHVUM","low-2"
"364",218,4,"consume","diamond_plain_0","","",1,"RS5NHVUM","low-2"
"365",218,5,"consume","triangle_plain_0","","",1,"RS5NHVUM","low-2"
"366",218,6,"consume","diamond_dots_0","","",1,"RS5NHVUM","low-2"
"367",218,7,"consume","square_stripes_0","","",1,"RS5NHVUM","low-2"
"368",218,8,"consume","square_checkered_0","","",1,"RS5NHVUM","low-2"
"369",218,9,"consume","circle_dots_0","","",1,"RS5NHVUM","low-2"
"370",218,10,"consume","triangle_checkered_0","","",1,"RS5NHVUM","low-2"
"371",218,11,"consume","diamond_checkered_0","","",1,"RS5NHVUM","low-2"
"372",218,12,"consume","square_plain_0","","",1,"RS5NHVUM","low-2"
"373",218,13,"consume","triangle_checkered_0","","",1,"RS5NHVUM","low-2"
"374",218,14,"consume","triangle_dots_0","","",1,"RS5NHVUM","low-2"
"375",218,15,"consume","triangle_dots_0","","",1,"RS5NHVUM","low-2"
"376",218,16,"consume","circle_plain_0","","",1,"RS5NHVUM","low-2"
"377",218,17,"consume","square_dots_0","","",1,"RS5NHVUM","low-2"
"378",218,18,"consume","diamond_checkered_0","","",1,"RS5NHVUM","low-2"
"379",218,19,"consume","circle_stripes_0","","",1,"RS5NHVUM","low-2"
"380",218,20,"consume","square_plain_0","","",1,"RS5NHVUM","low-2"
"381",218,21,"consume","circle_stripes_0","","",1,"RS5NHVUM","low-2"
"382",218,22,"consume","circle_checkered_0","","",1,"RS5NHVUM","low-2"
"383",218,23,"combine","circle_plain_0","diamond_dots_0","",0,"RS5NHVUM","low-2"
"384",218,24,"combine","circle_plain_0","diamond_dots_0","",0,"RS5NHVUM","low-2"
"385",218,25,"combine","circle_plain_0","diamond_dots_0","",0,"RS5NHVUM","low-2"
"386",218,26,"combine","circle_plain_0","diamond_dots_0","",0,"RS5NHVUM","low-2"
"387",218,27,"combine","circle_plain_0","diamond_dots_0","",0,"RS5NHVUM","low-2"
"388",218,28,"combine","circle_plain_0","diamond_dots_0","",0,"RS5NHVUM","low-2"
"389",218,29,"combine","circle_plain_0","diamond_dots_0","",0,"RS5NHVUM","low-2"
"390",218,30,"combine","circle_plain_0","diamond_dots_0","",0,"RS5NHVUM","low-2"
"391",218,31,"combine","circle_plain_0","diamond_dots_0","",0,"RS5NHVUM","low-2"
"392",218,32,"combine","circle_plain_0","diamond_dots_0","",0,"RS5NHVUM","low-2"
"393",218,33,"combine","circle_plain_0","diamond_dots_0","",0,"RS5NHVUM","low-2"
"394",218,34,"combine","circle_plain_0","diamond_dots_0","",0,"RS5NHVUM","low-2"
"395",218,35,"combine","circle_plain_0","diamond_dots_0","",0,"RS5NHVUM","low-2"
"396",218,36,"combine","circle_plain_0","diamond_dots_0","",0,"RS5NHVUM","low-2"
"397",218,37,"combine","circle_plain_0","diamond_dots_0","",0,"RS5NHVUM","low-2"
"398",218,38,"combine","circle_plain_0","diamond_dots_0","",0,"RS5NHVUM","low-2"
"399",218,39,"combine","circle_plain_0","diamond_dots_0","",0,"RS5NHVUM","low-2"
"400",218,40,"combine","circle_plain_0","diamond_dots_0","",0,"RS5NHVUM","low-2"
"401",220,1,"combine","triangle_plain_0","triangle_dots_0","",0,"I0R5U59I","low-1"
"402",220,2,"combine","triangle_plain_0","square_checkered_0","",0,"I0R5U59I","low-1"
"403",220,3,"combine","square_checkered_0","square_plain_0","",0,"I0R5U59I","low-1"
"404",220,4,"combine","square_checkered_0","diamond_plain_0","",0,"I0R5U59I","low-1"
"405",220,5,"combine","square_dots_0","square_stripes_0","",0,"I0R5U59I","low-1"
"406",220,6,"combine","square_dots_0","circle_plain_0","square_plain_1",0,"I0R5U59I","low-1"
"407",220,7,"combine","square_plain_1","square_plain_0","",0,"I0R5U59I","low-1"
"408",220,8,"combine","square_plain_1","circle_dots_0","square_dots_2",0,"I0R5U59I","low-1"
"409",220,9,"combine","square_dots_2","triangle_checkered_0","",0,"I0R5U59I","low-1"
"410",220,10,"combine","square_dots_2","circle_dots_0","",0,"I0R5U59I","low-1"
"411",220,11,"combine","square_dots_2","square_plain_0","",0,"I0R5U59I","low-1"
"412",220,12,"combine","square_dots_2","circle_plain_0","square_plain_3",0,"I0R5U59I","low-1"
"413",220,13,"combine","square_plain_3","circle_dots_0","square_dots_4",0,"I0R5U59I","low-1"
"414",220,14,"combine","square_dots_4","square_plain_0","",0,"I0R5U59I","low-1"
"415",220,15,"combine","square_dots_4","square_stripes_0","",0,"I0R5U59I","low-1"
"416",220,16,"combine","square_dots_4","diamond_checkered_0","",0,"I0R5U59I","low-1"
"417",220,17,"combine","square_dots_4","triangle_stripes_0","",0,"I0R5U59I","low-1"
"418",220,18,"combine","square_dots_4","diamond_stripes_0","",0,"I0R5U59I","low-1"
"419",220,19,"combine","square_dots_4","triangle_checkered_0","",0,"I0R5U59I","low-1"
"420",220,20,"combine","square_dots_4","triangle_dots_0","",0,"I0R5U59I","low-1"
"421",220,21,"combine","square_dots_4","triangle_plain_0","",0,"I0R5U59I","low-1"
"422",220,22,"combine","square_dots_4","diamond_plain_0","",0,"I0R5U59I","low-1"
"423",220,23,"combine","square_dots_4","square_dots_0","",0,"I0R5U59I","low-1"
"424",220,24,"combine","square_dots_0","diamond_plain_0","",0,"I0R5U59I","low-1"
"425",220,25,"combine","square_dots_0","triangle_plain_0","",0,"I0R5U59I","low-1"
"426",220,26,"combine","square_dots_0","square_plain_0","",0,"I0R5U59I","low-1"
"427",220,27,"combine","square_dots_0","circle_checkered_0","",0,"I0R5U59I","low-1"
"428",220,28,"combine","square_dots_0","triangle_checkered_0","",0,"I0R5U59I","low-1"
"429",220,29,"consume","square_dots_0","","",1,"I0R5U59I","low-1"
"430",220,30,"combine","diamond_checkered_0","square_stripes_0","",0,"I0R5U59I","low-1"
"431",220,31,"combine","diamond_checkered_0","square_dots_4","",0,"I0R5U59I","low-1"
"432",220,32,"combine","diamond_checkered_0","triangle_stripes_0","diamond_stripes_1",0,"I0R5U59I","low-1"
"433",220,33,"combine","diamond_stripes_1","circle_stripes_0","",0,"I0R5U59I","low-1"
"434",220,34,"combine","diamond_stripes_1","triangle_checkered_0","diamond_checkered_2",0,"I0R5U59I","low-1"
"435",220,35,"combine","diamond_checkered_2","diamond_stripes_0","",0,"I0R5U59I","low-1"
"436",220,36,"combine","diamond_checkered_2","diamond_dots_0","",0,"I0R5U59I","low-1"
"437",220,37,"combine","diamond_checkered_2","circle_checkered_0","",0,"I0R5U59I","low-1"
"438",220,38,"combine","diamond_checkered_2","triangle_plain_0","diamond_plain_3",0,"I0R5U59I","low-1"
"439",220,39,"combine","diamond_plain_3","square_plain_0","",0,"I0R5U59I","low-1"
"440",220,40,"combine","diamond_plain_3","triangle_stripes_0","diamond_stripes_4",0,"I0R5U59I","low-1"
"441",221,1,"combine","diamond_stripes_0","square_plain_0","",0,"3Q20P8GF","low-1"
"442",221,2,"combine","diamond_stripes_0","diamond_plain_0","",0,"3Q20P8GF","low-1"
"443",221,3,"combine","diamond_stripes_0","square_stripes_0","",0,"3Q20P8GF","low-1"
"444",221,4,"combine","diamond_stripes_0","circle_stripes_0","",0,"3Q20P8GF","low-1"
"445",221,5,"combine","diamond_stripes_0","triangle_stripes_0","diamond_stripes_1",0,"3Q20P8GF","low-1"
"446",221,6,"combine","diamond_stripes_1","square_checkered_0","",0,"3Q20P8GF","low-1"
"447",221,7,"combine","diamond_stripes_1","circle_dots_0","",0,"3Q20P8GF","low-1"
"448",221,8,"combine","diamond_stripes_1","circle_plain_0","",0,"3Q20P8GF","low-1"
"449",221,9,"combine","diamond_stripes_1","triangle_plain_0","diamond_plain_2",0,"3Q20P8GF","low-1"
"450",221,10,"consume","diamond_plain_2","","",100,"3Q20P8GF","low-1"
"451",221,11,"combine","circle_checkered_0","circle_stripes_0","",0,"3Q20P8GF","low-1"
"452",221,12,"combine","circle_checkered_0","triangle_stripes_0","",0,"3Q20P8GF","low-1"
"453",221,13,"combine","circle_checkered_0","square_checkered_0","",0,"3Q20P8GF","low-1"
"454",221,14,"combine","circle_checkered_0","circle_dots_0","",0,"3Q20P8GF","low-1"
"455",221,15,"combine","circle_checkered_0","circle_plain_0","",0,"3Q20P8GF","low-1"
"456",221,16,"combine","circle_checkered_0","square_plain_0","circle_plain_1",0,"3Q20P8GF","low-1"
"457",221,17,"consume","circle_plain_1","","",10,"3Q20P8GF","low-1"
"458",221,18,"combine","square_dots_0","circle_plain_0","square_plain_1",0,"3Q20P8GF","low-1"
"459",221,19,"combine","square_plain_1","circle_dots_0","square_dots_2",0,"3Q20P8GF","low-1"
"460",221,20,"combine","square_dots_2","circle_stripes_0","square_stripes_3",0,"3Q20P8GF","low-1"
"461",221,21,"combine","square_stripes_3","diamond_checkered_0","",0,"3Q20P8GF","low-1"
"462",221,22,"consume","square_stripes_3","","",1000,"3Q20P8GF","low-1"
"463",221,23,"combine","triangle_plain_0","diamond_checkered_0","triangle_checkered_1",0,"3Q20P8GF","low-1"
"464",221,24,"combine","triangle_checkered_1","diamond_dots_0","",0,"3Q20P8GF","low-1"
"465",221,25,"combine","triangle_checkered_1","circle_dots_0","",0,"3Q20P8GF","low-1"
"466",221,26,"combine","triangle_checkered_1","diamond_checkered_0","",0,"3Q20P8GF","low-1"
"467",221,27,"combine","triangle_checkered_1","triangle_checkered_0","",0,"3Q20P8GF","low-1"
"468",221,28,"combine","triangle_checkered_1","diamond_stripes_0","triangle_stripes_2",0,"3Q20P8GF","low-1"
"469",221,29,"consume","triangle_stripes_2","","",100,"3Q20P8GF","low-1"
"470",221,30,"combine","triangle_checkered_0","circle_plain_0","",0,"3Q20P8GF","low-1"
"471",221,31,"combine","triangle_checkered_0","diamond_plain_0","triangle_plain_1",0,"3Q20P8GF","low-1"
"472",221,32,"combine","triangle_plain_1","square_dots_0","",0,"3Q20P8GF","low-1"
"473",221,33,"combine","triangle_plain_1","square_stripes_0","",0,"3Q20P8GF","low-1"
"474",221,34,"combine","triangle_plain_1","triangle_stripes_0","",0,"3Q20P8GF","low-1"
"475",221,35,"combine","triangle_plain_1","circle_checkered_0","",0,"3Q20P8GF","low-1"
"476",221,36,"combine","triangle_plain_1","diamond_checkered_0","triangle_checkered_2",0,"3Q20P8GF","low-1"
"477",221,37,"consume","triangle_checkered_2","","",100,"3Q20P8GF","low-1"
"478",221,38,"combine","triangle_checkered_0","circle_plain_0","",0,"3Q20P8GF","low-1"
"479",221,39,"combine","triangle_checkered_0","diamond_dots_0","",0,"3Q20P8GF","low-1"
"480",221,40,"combine","triangle_checkered_0","diamond_plain_0","triangle_plain_1",0,"3Q20P8GF","low-1"
"481",222,1,"combine","diamond_plain_0","triangle_plain_0","diamond_plain_1",0,"FP0RZNOS","low-1"
"482",222,2,"combine","diamond_stripes_0","square_stripes_0","",0,"FP0RZNOS","low-1"
"483",222,3,"combine","diamond_stripes_0","circle_plain_0","",0,"FP0RZNOS","low-1"
"484",222,4,"combine","diamond_stripes_0","circle_dots_0","",0,"FP0RZNOS","low-1"
"485",222,5,"combine","diamond_stripes_0","diamond_checkered_0","",0,"FP0RZNOS","low-1"
"486",222,6,"combine","diamond_stripes_0","square_dots_0","",0,"FP0RZNOS","low-1"
"487",222,7,"combine","diamond_stripes_0","square_checkered_0","",0,"FP0RZNOS","low-1"
"488",222,8,"combine","diamond_stripes_0","square_dots_0","",0,"FP0RZNOS","low-1"
"489",222,9,"combine","diamond_stripes_0","square_checkered_0","",0,"FP0RZNOS","low-1"
"490",222,10,"combine","diamond_stripes_0","square_checkered_0","",0,"FP0RZNOS","low-1"
"491",222,11,"combine","diamond_stripes_0","square_dots_0","",0,"FP0RZNOS","low-1"
"492",222,12,"combine","diamond_stripes_0","square_stripes_0","",0,"FP0RZNOS","low-1"
"493",222,13,"combine","circle_checkered_0","circle_dots_0","",0,"FP0RZNOS","low-1"
"494",222,14,"combine","circle_checkered_0","diamond_checkered_0","",0,"FP0RZNOS","low-1"
"495",222,15,"combine","circle_checkered_0","square_dots_0","",0,"FP0RZNOS","low-1"
"496",222,16,"combine","circle_checkered_0","circle_plain_0","",0,"FP0RZNOS","low-1"
"497",222,17,"combine","circle_checkered_0","diamond_stripes_0","",0,"FP0RZNOS","low-1"
"498",222,18,"combine","circle_checkered_0","triangle_stripes_0","",0,"FP0RZNOS","low-1"
"499",222,19,"combine","circle_checkered_0","diamond_plain_1","",0,"FP0RZNOS","low-1"
"500",222,20,"combine","circle_checkered_0","diamond_plain_1","",0,"FP0RZNOS","low-1"
"501",222,21,"combine","circle_checkered_0","diamond_plain_1","",0,"FP0RZNOS","low-1"
"502",222,22,"combine","diamond_plain_1","diamond_stripes_0","",0,"FP0RZNOS","low-1"
"503",222,23,"combine","diamond_plain_1","circle_dots_0","",0,"FP0RZNOS","low-1"
"504",222,24,"combine","diamond_plain_1","circle_plain_0","",0,"FP0RZNOS","low-1"
"505",222,25,"combine","diamond_plain_1","square_stripes_0","",0,"FP0RZNOS","low-1"
"506",222,26,"combine","diamond_plain_1","triangle_dots_0","diamond_dots_2",0,"FP0RZNOS","low-1"
"507",222,27,"combine","diamond_dots_2","square_dots_0","",0,"FP0RZNOS","low-1"
"508",222,28,"combine","diamond_dots_2","square_checkered_0","",0,"FP0RZNOS","low-1"
"509",222,29,"combine","diamond_dots_2","circle_checkered_0","",0,"FP0RZNOS","low-1"
"510",222,30,"combine","diamond_dots_2","diamond_checkered_0","",0,"FP0RZNOS","low-1"
"511",222,31,"combine","diamond_dots_2","square_plain_0","",0,"FP0RZNOS","low-1"
"512",222,32,"combine","diamond_dots_2","circle_stripes_0","",0,"FP0RZNOS","low-1"
"513",222,33,"combine","diamond_dots_2","diamond_stripes_0","",0,"FP0RZNOS","low-1"
"514",222,34,"combine","diamond_dots_2","circle_dots_0","",0,"FP0RZNOS","low-1"
"515",222,35,"combine","diamond_dots_2","triangle_checkered_0","",0,"FP0RZNOS","low-1"
"516",222,36,"combine","diamond_dots_2","triangle_stripes_0","diamond_stripes_3",0,"FP0RZNOS","low-1"
"517",222,37,"combine","diamond_stripes_3","diamond_checkered_0","",0,"FP0RZNOS","low-1"
"518",222,38,"combine","diamond_stripes_3","square_checkered_0","",0,"FP0RZNOS","low-1"
"519",222,39,"combine","diamond_stripes_3","diamond_dots_0","",0,"FP0RZNOS","low-1"
"520",222,40,"combine","diamond_stripes_3","circle_plain_0","",0,"FP0RZNOS","low-1"
"521",223,1,"combine","square_stripes_0","square_plain_0","",0,"2YJJ1L7O","low-1"
"522",223,2,"combine","square_stripes_0","diamond_dots_0","",0,"2YJJ1L7O","low-1"
"523",223,3,"combine","square_stripes_0","square_dots_0","",0,"2YJJ1L7O","low-1"
"524",223,4,"combine","square_stripes_0","circle_stripes_0","square_stripes_1",0,"2YJJ1L7O","low-1"
"525",223,5,"combine","square_stripes_1","circle_plain_0","square_plain_2",0,"2YJJ1L7O","low-1"
"526",223,6,"combine","triangle_plain_0","square_plain_2","",0,"2YJJ1L7O","low-1"
"527",223,7,"combine","triangle_plain_0","diamond_plain_0","triangle_plain_1",0,"2YJJ1L7O","low-1"
"528",223,8,"combine","triangle_plain_1","triangle_plain_0","",0,"2YJJ1L7O","low-1"
"529",223,9,"combine","triangle_plain_1","circle_stripes_0","",0,"2YJJ1L7O","low-1"
"530",223,10,"combine","triangle_plain_1","diamond_checkered_0","triangle_checkered_2",0,"2YJJ1L7O","low-1"
"531",223,11,"combine","triangle_checkered_2","triangle_checkered_0","",0,"2YJJ1L7O","low-1"
"532",223,12,"combine","triangle_checkered_2","diamond_stripes_0","triangle_stripes_3",0,"2YJJ1L7O","low-1"
"533",223,13,"combine","triangle_stripes_3","diamond_checkered_0","triangle_checkered_4",0,"2YJJ1L7O","low-1"
"534",223,14,"combine","triangle_checkered_4","square_stripes_0","",0,"2YJJ1L7O","low-1"
"535",223,15,"combine","triangle_checkered_4","triangle_plain_0","",0,"2YJJ1L7O","low-1"
"536",223,16,"combine","triangle_checkered_4","triangle_checkered_0","",0,"2YJJ1L7O","low-1"
"537",223,17,"combine","circle_plain_0","circle_dots_0","",0,"2YJJ1L7O","low-1"
"538",223,18,"combine","circle_plain_0","circle_stripes_0","",0,"2YJJ1L7O","low-1"
"539",223,19,"combine","circle_plain_0","triangle_plain_0","",0,"2YJJ1L7O","low-1"
"540",223,20,"combine","circle_plain_0","square_plain_0","circle_plain_1",0,"2YJJ1L7O","low-1"
"541",223,21,"combine","square_dots_0","circle_plain_1","square_plain_2",0,"2YJJ1L7O","low-1"
"542",223,22,"combine","square_plain_2","circle_checkered_0","square_checkered_3",0,"2YJJ1L7O","low-1"
"543",223,23,"combine","square_checkered_3","square_checkered_0","",0,"2YJJ1L7O","low-1"
"544",223,24,"combine","square_checkered_3","square_stripes_0","",0,"2YJJ1L7O","low-1"
"545",223,25,"combine","square_checkered_3","triangle_stripes_0","",0,"2YJJ1L7O","low-1"
"546",223,26,"combine","square_plain_2","square_checkered_3","",0,"2YJJ1L7O","low-1"
"547",223,27,"combine","square_plain_2","triangle_stripes_0","",0,"2YJJ1L7O","low-1"
"548",223,28,"combine","square_plain_2","square_checkered_3","",0,"2YJJ1L7O","low-1"
"549",223,29,"combine","square_plain_2","diamond_plain_0","",0,"2YJJ1L7O","low-1"
"550",223,30,"combine","square_plain_2","triangle_dots_0","",0,"2YJJ1L7O","low-1"
"551",223,31,"combine","square_plain_2","circle_checkered_0","square_checkered_3",0,"2YJJ1L7O","low-1"
"552",223,32,"combine","square_checkered_3","triangle_checkered_4","",0,"2YJJ1L7O","low-1"
"553",223,33,"combine","square_checkered_3","square_plain_0","",0,"2YJJ1L7O","low-1"
"554",223,34,"combine","square_checkered_3","circle_stripes_0","square_stripes_4",0,"2YJJ1L7O","low-1"
"555",223,35,"combine","triangle_plain_0","triangle_checkered_0","",0,"2YJJ1L7O","low-1"
"556",223,36,"combine","triangle_plain_0","square_checkered_0","",0,"2YJJ1L7O","low-1"
"557",223,37,"combine","triangle_plain_0","triangle_dots_0","",0,"2YJJ1L7O","low-1"
"558",223,38,"combine","triangle_plain_0","triangle_stripes_0","",0,"2YJJ1L7O","low-1"
"559",223,39,"combine","triangle_plain_0","square_checkered_3","",0,"2YJJ1L7O","low-1"
"560",223,40,"combine","triangle_plain_0","diamond_plain_0","triangle_plain_1",0,"2YJJ1L7O","low-1"
"561",224,1,"combine","square_dots_0","diamond_checkered_0","",0,"DV3DJXPM","low-1"
"562",224,2,"combine","square_dots_0","diamond_checkered_0","",0,"DV3DJXPM","low-1"
"563",224,3,"combine","square_dots_0","diamond_dots_0","",0,"DV3DJXPM","low-1"
"564",224,4,"combine","square_dots_0","triangle_dots_0","",0,"DV3DJXPM","low-1"
"565",224,5,"combine","square_dots_0","diamond_dots_0","",0,"DV3DJXPM","low-1"
"566",224,6,"combine","square_dots_0","diamond_stripes_0","",0,"DV3DJXPM","low-1"
"567",224,7,"combine","square_dots_0","diamond_dots_0","",0,"DV3DJXPM","low-1"
"568",224,8,"combine","square_dots_0","circle_dots_0","",0,"DV3DJXPM","low-1"
"569",224,9,"combine","square_dots_0","diamond_dots_0","",0,"DV3DJXPM","low-1"
"570",224,10,"combine","square_dots_0","diamond_dots_0","",0,"DV3DJXPM","low-1"
"571",224,11,"combine","square_dots_0","diamond_plain_0","",0,"DV3DJXPM","low-1"
"572",224,12,"combine","square_dots_0","square_checkered_0","",0,"DV3DJXPM","low-1"
"573",224,13,"combine","square_dots_0","diamond_checkered_0","",0,"DV3DJXPM","low-1"
"574",224,14,"combine","square_dots_0","diamond_plain_0","",0,"DV3DJXPM","low-1"
"575",224,15,"combine","square_dots_0","square_plain_0","",0,"DV3DJXPM","low-1"
"576",224,16,"combine","square_dots_0","square_stripes_0","",0,"DV3DJXPM","low-1"
"577",224,17,"combine","square_dots_0","circle_stripes_0","square_stripes_1",0,"DV3DJXPM","low-1"
"578",224,18,"combine","square_stripes_1","circle_stripes_0","square_stripes_2",0,"DV3DJXPM","low-1"
"579",224,19,"combine","square_stripes_2","square_dots_0","",0,"DV3DJXPM","low-1"
"580",224,20,"consume","square_stripes_2","","",100,"DV3DJXPM","low-1"
"581",224,21,"combine","square_dots_0","circle_plain_0","square_plain_1",0,"DV3DJXPM","low-1"
"582",224,22,"consume","square_plain_1","","",10,"DV3DJXPM","low-1"
"583",224,23,"combine","diamond_dots_0","triangle_dots_0","",0,"DV3DJXPM","low-1"
"584",224,24,"combine","diamond_dots_0","square_plain_0","",0,"DV3DJXPM","low-1"
"585",224,25,"combine","diamond_dots_0","triangle_plain_0","diamond_plain_1",0,"DV3DJXPM","low-1"
"586",224,26,"combine","diamond_plain_1","triangle_stripes_0","diamond_stripes_2",0,"DV3DJXPM","low-1"
"587",224,27,"combine","diamond_stripes_2","circle_plain_0","",0,"DV3DJXPM","low-1"
"588",224,28,"combine","diamond_stripes_2","circle_checkered_0","",0,"DV3DJXPM","low-1"
"589",224,29,"combine","diamond_stripes_2","diamond_checkered_0","",0,"DV3DJXPM","low-1"
"590",224,30,"combine","diamond_stripes_2","triangle_stripes_0","diamond_stripes_3",0,"DV3DJXPM","low-1"
"591",224,31,"combine","diamond_stripes_3","diamond_dots_0","",0,"DV3DJXPM","low-1"
"592",224,32,"combine","diamond_stripes_3","triangle_plain_0","diamond_plain_4",0,"DV3DJXPM","low-1"
"593",224,33,"combine","diamond_plain_4","diamond_stripes_0","",0,"DV3DJXPM","low-1"
"594",224,34,"combine","diamond_plain_4","diamond_plain_0","",0,"DV3DJXPM","low-1"
"595",224,35,"combine","diamond_plain_4","square_checkered_0","",0,"DV3DJXPM","low-1"
"596",224,36,"combine","diamond_plain_4","triangle_dots_0","diamond_dots_5",0,"DV3DJXPM","low-1"
"597",224,37,"combine","diamond_dots_5","circle_dots_0","",0,"DV3DJXPM","low-1"
"598",224,38,"combine","diamond_dots_5","square_plain_0","",0,"DV3DJXPM","low-1"
"599",224,39,"combine","diamond_dots_5","diamond_dots_0","",0,"DV3DJXPM","low-1"
"600",224,40,"combine","diamond_dots_5","diamond_dots_0","",0,"DV3DJXPM","low-1"
"601",225,1,"combine","triangle_checkered_0","triangle_stripes_0","",0,"M0U6BC7I","low-1"
"602",225,2,"combine","triangle_checkered_0","circle_dots_0","",0,"M0U6BC7I","low-1"
"603",225,3,"combine","triangle_checkered_0","diamond_checkered_0","",0,"M0U6BC7I","low-1"
"604",225,4,"combine","triangle_checkered_0","diamond_plain_0","triangle_plain_1",0,"M0U6BC7I","low-1"
"605",225,5,"combine","triangle_plain_1","square_checkered_0","",0,"M0U6BC7I","low-1"
"606",225,6,"combine","triangle_plain_1","square_plain_0","",0,"M0U6BC7I","low-1"
"607",225,7,"combine","triangle_plain_1","circle_plain_0","",0,"M0U6BC7I","low-1"
"608",225,8,"combine","triangle_plain_1","triangle_plain_0","",0,"M0U6BC7I","low-1"
"609",225,9,"combine","triangle_plain_1","diamond_stripes_0","triangle_stripes_2",0,"M0U6BC7I","low-1"
"610",225,10,"combine","triangle_stripes_2","square_stripes_0","",0,"M0U6BC7I","low-1"
"611",225,11,"combine","triangle_stripes_2","circle_stripes_0","",0,"M0U6BC7I","low-1"
"612",225,12,"combine","triangle_stripes_2","triangle_dots_0","",0,"M0U6BC7I","low-1"
"613",225,13,"combine","triangle_stripes_2","circle_checkered_0","",0,"M0U6BC7I","low-1"
"614",225,14,"combine","triangle_stripes_2","diamond_dots_0","triangle_dots_3",0,"M0U6BC7I","low-1"
"615",225,15,"combine","triangle_dots_3","diamond_stripes_0","triangle_stripes_4",0,"M0U6BC7I","low-1"
"616",225,16,"combine","triangle_stripes_4","triangle_checkered_0","",0,"M0U6BC7I","low-1"
"617",225,17,"combine","triangle_stripes_4","diamond_checkered_0","triangle_checkered_5",0,"M0U6BC7I","low-1"
"618",225,18,"combine","triangle_checkered_5","triangle_checkered_0","",0,"M0U6BC7I","low-1"
"619",225,19,"combine","triangle_checkered_5","square_checkered_0","",0,"M0U6BC7I","low-1"
"620",225,20,"combine","triangle_checkered_5","circle_plain_0","",0,"M0U6BC7I","low-1"
"621",225,21,"combine","triangle_checkered_5","square_dots_0","",0,"M0U6BC7I","low-1"
"622",225,22,"combine","triangle_checkered_5","circle_plain_0","",0,"M0U6BC7I","low-1"
"623",225,23,"combine","triangle_checkered_5","triangle_plain_0","",0,"M0U6BC7I","low-1"
"624",225,24,"combine","triangle_checkered_5","square_dots_0","",0,"M0U6BC7I","low-1"
"625",225,25,"combine","triangle_checkered_5","circle_checkered_0","",0,"M0U6BC7I","low-1"
"626",225,26,"combine","triangle_checkered_5","diamond_dots_0","",0,"M0U6BC7I","low-1"
"627",225,27,"combine","triangle_checkered_5","triangle_dots_0","",0,"M0U6BC7I","low-1"
"628",225,28,"combine","triangle_checkered_5","square_stripes_0","",0,"M0U6BC7I","low-1"
"629",225,29,"combine","triangle_checkered_5","circle_stripes_0","",0,"M0U6BC7I","low-1"
"630",225,30,"combine","triangle_checkered_5","triangle_plain_0","",0,"M0U6BC7I","low-1"
"631",225,31,"combine","triangle_checkered_5","diamond_checkered_0","",0,"M0U6BC7I","low-1"
"632",225,32,"combine","triangle_checkered_5","triangle_checkered_0","",0,"M0U6BC7I","low-1"
"633",225,33,"combine","triangle_checkered_5","triangle_stripes_0","",0,"M0U6BC7I","low-1"
"634",225,34,"combine","triangle_checkered_5","circle_dots_0","",0,"M0U6BC7I","low-1"
"635",225,35,"combine","triangle_checkered_5","circle_dots_0","",0,"M0U6BC7I","low-1"
"636",225,36,"combine","triangle_checkered_5","triangle_stripes_0","",0,"M0U6BC7I","low-1"
"637",225,37,"combine","triangle_checkered_5","triangle_checkered_0","",0,"M0U6BC7I","low-1"
"638",225,38,"consume","triangle_checkered_5","","",100000,"M0U6BC7I","low-1"
"639",225,39,"combine","diamond_checkered_0","triangle_checkered_0","",0,"M0U6BC7I","low-1"
"640",225,40,"combine","diamond_checkered_0","square_checkered_0","",0,"M0U6BC7I","low-1"
"641",226,1,"combine","triangle_stripes_0","square_plain_0","",0,"FYF4FI3X","low-1"
"642",226,2,"combine","triangle_stripes_0","diamond_dots_0","triangle_dots_1",0,"FYF4FI3X","low-1"
"643",226,3,"combine","triangle_dots_1","circle_stripes_0","",0,"FYF4FI3X","low-1"
"644",226,4,"combine","triangle_dots_1","triangle_plain_0","",0,"FYF4FI3X","low-1"
"645",226,5,"combine","triangle_dots_1","triangle_stripes_0","",0,"FYF4FI3X","low-1"
"646",226,6,"combine","triangle_dots_1","diamond_stripes_0","triangle_stripes_2",0,"FYF4FI3X","low-1"
"647",226,7,"combine","triangle_stripes_2","diamond_checkered_0","triangle_checkered_3",0,"FYF4FI3X","low-1"
"648",226,8,"combine","triangle_checkered_3","diamond_stripes_0","triangle_stripes_4",0,"FYF4FI3X","low-1"
"649",226,9,"combine","triangle_stripes_4","diamond_checkered_0","triangle_checkered_5",0,"FYF4FI3X","low-1"
"650",226,10,"combine","triangle_checkered_5","circle_stripes_0","",0,"FYF4FI3X","low-1"
"651",226,11,"combine","triangle_checkered_5","circle_dots_0","",0,"FYF4FI3X","low-1"
"652",226,12,"combine","triangle_checkered_5","square_checkered_0","",0,"FYF4FI3X","low-1"
"653",226,13,"combine","triangle_checkered_5","circle_plain_0","",0,"FYF4FI3X","low-1"
"654",226,14,"combine","triangle_checkered_5","triangle_stripes_0","",0,"FYF4FI3X","low-1"
"655",226,15,"combine","triangle_checkered_5","triangle_checkered_0","",0,"FYF4FI3X","low-1"
"656",226,16,"combine","triangle_checkered_5","circle_checkered_0","",0,"FYF4FI3X","low-1"
"657",226,17,"consume","triangle_checkered_5","","",100000,"FYF4FI3X","low-1"
"658",226,18,"combine","square_dots_0","diamond_plain_0","",0,"FYF4FI3X","low-1"
"659",226,19,"consume","square_dots_0","","",1,"FYF4FI3X","low-1"
"660",226,20,"combine","diamond_plain_0","triangle_dots_0","diamond_dots_1",0,"FYF4FI3X","low-1"
"661",226,21,"consume","diamond_dots_1","","",10,"FYF4FI3X","low-1"
"662",226,22,"consume","circle_stripes_0","","",1,"FYF4FI3X","low-1"
"663",226,23,"combine","diamond_plain_0","square_checkered_0","",0,"FYF4FI3X","low-1"
"664",226,24,"combine","diamond_plain_0","square_dots_0","",0,"FYF4FI3X","low-1"
"665",226,25,"consume","diamond_plain_0","","",1,"FYF4FI3X","low-1"
"666",226,26,"combine","square_stripes_0","circle_stripes_0","square_stripes_1",0,"FYF4FI3X","low-1"
"667",226,27,"consume","square_stripes_1","","",10,"FYF4FI3X","low-1"
"668",226,28,"combine","triangle_dots_0","circle_checkered_0","",0,"FYF4FI3X","low-1"
"669",226,29,"consume","triangle_dots_0","","",1,"FYF4FI3X","low-1"
"670",226,30,"combine","triangle_checkered_0","triangle_stripes_0","",0,"FYF4FI3X","low-1"
"671",226,31,"combine","triangle_checkered_0","triangle_stripes_0","",0,"FYF4FI3X","low-1"
"672",226,32,"combine","triangle_checkered_0","circle_plain_0","",0,"FYF4FI3X","low-1"
"673",226,33,"combine","triangle_checkered_0","circle_plain_0","",0,"FYF4FI3X","low-1"
"674",226,34,"combine","triangle_checkered_0","circle_dots_0","",0,"FYF4FI3X","low-1"
"675",226,35,"combine","triangle_checkered_0","square_checkered_0","",0,"FYF4FI3X","low-1"
"676",226,36,"consume","triangle_checkered_0","","",1,"FYF4FI3X","low-1"
"677",226,37,"combine","square_stripes_0","square_checkered_0","",0,"FYF4FI3X","low-1"
"678",226,38,"consume","square_stripes_0","","",1,"FYF4FI3X","low-1"
"679",226,39,"consume","square_plain_0","","",1,"FYF4FI3X","low-1"
"680",226,40,"combine","triangle_checkered_0","square_plain_0","",0,"FYF4FI3X","low-1"
"681",227,1,"combine","square_plain_0","circle_plain_0","square_plain_1",0,"E7D10GDX","low-1"
"682",227,2,"combine","square_plain_1","square_dots_0","",0,"E7D10GDX","low-1"
"683",227,3,"combine","square_plain_1","square_plain_0","",0,"E7D10GDX","low-1"
"684",227,4,"combine","square_plain_1","triangle_checkered_0","",0,"E7D10GDX","low-1"
"685",227,5,"combine","square_plain_1","circle_checkered_0","square_checkered_2",0,"E7D10GDX","low-1"
"686",227,6,"combine","square_checkered_2","circle_stripes_0","square_stripes_3",0,"E7D10GDX","low-1"
"687",227,7,"combine","square_stripes_3","diamond_stripes_0","",0,"E7D10GDX","low-1"
"688",227,8,"combine","square_stripes_3","square_stripes_0","",0,"E7D10GDX","low-1"
"689",227,9,"combine","square_stripes_3","triangle_plain_0","",0,"E7D10GDX","low-1"
"690",227,10,"combine","square_stripes_3","circle_dots_0","square_dots_4",0,"E7D10GDX","low-1"
"691",227,11,"combine","square_dots_4","diamond_plain_0","",0,"E7D10GDX","low-1"
"692",227,12,"combine","square_dots_4","triangle_stripes_0","",0,"E7D10GDX","low-1"
"693",227,13,"combine","square_dots_4","diamond_dots_0","",0,"E7D10GDX","low-1"
"694",227,14,"combine","square_dots_4","circle_stripes_0","square_stripes_5",0,"E7D10GDX","low-1"
"695",227,15,"combine","square_stripes_5","triangle_dots_0","",0,"E7D10GDX","low-1"
"696",227,16,"combine","square_stripes_5","circle_dots_0","",0,"E7D10GDX","low-1"
"697",227,17,"combine","square_stripes_5","circle_plain_0","",0,"E7D10GDX","low-1"
"698",227,18,"combine","square_stripes_5","diamond_plain_0","",0,"E7D10GDX","low-1"
"699",227,19,"combine","square_stripes_5","diamond_checkered_0","",0,"E7D10GDX","low-1"
"700",227,20,"combine","square_stripes_5","triangle_stripes_0","",0,"E7D10GDX","low-1"
"701",227,21,"combine","square_stripes_5","square_stripes_0","",0,"E7D10GDX","low-1"
"702",227,22,"combine","square_stripes_5","square_checkered_0","",0,"E7D10GDX","low-1"
"703",227,23,"combine","square_stripes_5","square_plain_0","",0,"E7D10GDX","low-1"
"704",227,24,"consume","square_stripes_5","","",100000,"E7D10GDX","low-1"
"705",227,25,"combine","circle_dots_0","square_checkered_0","",0,"E7D10GDX","low-1"
"706",227,26,"combine","circle_dots_0","square_stripes_0","circle_stripes_1",0,"E7D10GDX","low-1"
"707",227,27,"combine","circle_stripes_1","triangle_plain_0","",0,"E7D10GDX","low-1"
"708",227,28,"combine","circle_stripes_1","diamond_plain_0","",0,"E7D10GDX","low-1"
"709",227,29,"combine","circle_stripes_1","triangle_stripes_0","",0,"E7D10GDX","low-1"
"710",227,30,"combine","circle_stripes_1","diamond_checkered_0","",0,"E7D10GDX","low-1"
"711",227,31,"combine","circle_stripes_1","square_stripes_0","circle_stripes_2",0,"E7D10GDX","low-1"
"712",227,32,"combine","circle_stripes_2","triangle_dots_0","",0,"E7D10GDX","low-1"
"713",227,33,"combine","circle_stripes_2","square_plain_0","circle_plain_3",0,"E7D10GDX","low-1"
"714",227,34,"combine","circle_plain_3","circle_checkered_0","",0,"E7D10GDX","low-1"
"715",227,35,"combine","circle_plain_3","triangle_stripes_0","",0,"E7D10GDX","low-1"
"716",227,36,"combine","circle_plain_3","square_checkered_0","circle_checkered_4",0,"E7D10GDX","low-1"
"717",227,37,"combine","circle_checkered_4","square_dots_0","",0,"E7D10GDX","low-1"
"718",227,38,"combine","circle_checkered_4","square_checkered_0","",0,"E7D10GDX","low-1"
"719",227,39,"combine","circle_checkered_4","diamond_plain_0","",0,"E7D10GDX","low-1"
"720",227,40,"consume","circle_checkered_4","","",10000,"E7D10GDX","low-1"
"721",228,1,"combine","square_checkered_0","square_stripes_0","",0,"9G1UEJ7U","low-1"
"722",228,2,"combine","square_checkered_0","square_stripes_0","",0,"9G1UEJ7U","low-1"
"723",228,3,"combine","square_checkered_0","square_stripes_0","",0,"9G1UEJ7U","low-1"
"724",228,4,"consume","square_checkered_0","","",1,"9G1UEJ7U","low-1"
"725",228,5,"combine","circle_plain_0","diamond_plain_0","",0,"9G1UEJ7U","low-1"
"726",228,6,"combine","circle_plain_0","diamond_plain_0","",0,"9G1UEJ7U","low-1"
"727",228,7,"combine","circle_plain_0","triangle_plain_0","",0,"9G1UEJ7U","low-1"
"728",228,8,"consume","circle_plain_0","","",1,"9G1UEJ7U","low-1"
"729",228,9,"combine","circle_checkered_0","circle_dots_0","",0,"9G1UEJ7U","low-1"
"730",228,10,"combine","circle_checkered_0","square_plain_0","circle_plain_1",0,"9G1UEJ7U","low-1"
"731",228,11,"consume","circle_plain_1","","",10,"9G1UEJ7U","low-1"
"732",228,12,"combine","circle_dots_0","square_dots_0","",0,"9G1UEJ7U","low-1"
"733",228,13,"combine","circle_dots_0","circle_checkered_0","",0,"9G1UEJ7U","low-1"
"734",228,14,"combine","circle_dots_0","square_plain_0","circle_plain_1",0,"9G1UEJ7U","low-1"
"735",228,15,"consume","circle_plain_1","","",10,"9G1UEJ7U","low-1"
"736",228,16,"combine","circle_checkered_0","circle_plain_0","",0,"9G1UEJ7U","low-1"
"737",228,17,"combine","circle_checkered_0","diamond_checkered_0","",0,"9G1UEJ7U","low-1"
"738",228,18,"combine","circle_checkered_0","square_stripes_0","circle_stripes_1",0,"9G1UEJ7U","low-1"
"739",228,19,"consume","circle_stripes_1","","",10,"9G1UEJ7U","low-1"
"740",228,20,"combine","square_stripes_0","circle_dots_0","square_dots_1",0,"9G1UEJ7U","low-1"
"741",228,21,"combine","square_dots_0","triangle_dots_0","",0,"9G1UEJ7U","low-1"
"742",228,22,"combine","square_dots_0","circle_stripes_0","square_stripes_1",0,"9G1UEJ7U","low-1"
"743",228,23,"combine","square_stripes_1","square_dots_1","",0,"9G1UEJ7U","low-1"
"744",228,24,"combine","square_stripes_1","triangle_stripes_0","",0,"9G1UEJ7U","low-1"
"745",228,25,"combine","square_stripes_1","triangle_checkered_0","",0,"9G1UEJ7U","low-1"
"746",228,26,"consume","square_stripes_1","","",10,"9G1UEJ7U","low-1"
"747",228,27,"consume","square_dots_1","","",10,"9G1UEJ7U","low-1"
"748",228,28,"combine","triangle_stripes_0","triangle_checkered_0","",0,"9G1UEJ7U","low-1"
"749",228,29,"combine","triangle_stripes_0","diamond_plain_0","triangle_plain_1",0,"9G1UEJ7U","low-1"
"750",228,30,"consume","triangle_plain_1","","",10,"9G1UEJ7U","low-1"
"751",228,31,"combine","diamond_dots_0","square_dots_0","",0,"9G1UEJ7U","low-1"
"752",228,32,"combine","diamond_dots_0","triangle_stripes_0","diamond_stripes_1",0,"9G1UEJ7U","low-1"
"753",228,33,"consume","diamond_stripes_1","","",10,"9G1UEJ7U","low-1"
"754",228,34,"consume","circle_stripes_0","","",1,"9G1UEJ7U","low-1"
"755",228,35,"combine","diamond_checkered_0","circle_plain_0","",0,"9G1UEJ7U","low-1"
"756",228,36,"combine","diamond_checkered_0","diamond_plain_0","",0,"9G1UEJ7U","low-1"
"757",228,37,"combine","diamond_checkered_0","triangle_dots_0","",0,"9G1UEJ7U","low-1"
"758",228,38,"combine","diamond_checkered_0","triangle_checkered_0","",0,"9G1UEJ7U","low-1"
"759",228,39,"combine","diamond_checkered_0","square_checkered_0","",0,"9G1UEJ7U","low-1"
"760",228,40,"combine","diamond_checkered_0","diamond_dots_0","",0,"9G1UEJ7U","low-1"
"761",229,1,"combine","triangle_checkered_0","diamond_plain_0","triangle_plain_1",0,"A6TTWEZZ","low-1"
"762",229,2,"combine","triangle_checkered_0","circle_dots_0","",0,"A6TTWEZZ","low-1"
"763",229,3,"combine","triangle_checkered_0","triangle_plain_0","",0,"A6TTWEZZ","low-1"
"764",229,4,"combine","triangle_checkered_0","triangle_plain_1","",0,"A6TTWEZZ","low-1"
"765",229,5,"combine","triangle_checkered_0","diamond_plain_0","triangle_plain_1",0,"A6TTWEZZ","low-1"
"766",229,6,"combine","triangle_plain_1","triangle_plain_1","",0,"A6TTWEZZ","low-1"
"767",229,7,"combine","triangle_plain_1","triangle_plain_0","",0,"A6TTWEZZ","low-1"
"768",229,8,"combine","triangle_plain_1","circle_plain_0","",0,"A6TTWEZZ","low-1"
"769",229,9,"combine","triangle_plain_1","diamond_dots_0","triangle_dots_2",0,"A6TTWEZZ","low-1"
"770",229,10,"combine","triangle_dots_2","triangle_plain_1","",0,"A6TTWEZZ","low-1"
"771",229,11,"combine","circle_checkered_0","square_dots_0","",0,"A6TTWEZZ","low-1"
"772",229,12,"combine","circle_checkered_0","triangle_plain_0","",0,"A6TTWEZZ","low-1"
"773",229,13,"combine","circle_checkered_0","circle_dots_0","",0,"A6TTWEZZ","low-1"
"774",229,14,"combine","circle_checkered_0","triangle_dots_0","",0,"A6TTWEZZ","low-1"
"775",229,15,"combine","circle_checkered_0","square_stripes_0","circle_stripes_1",0,"A6TTWEZZ","low-1"
"776",229,16,"consume","diamond_checkered_0","","",1,"A6TTWEZZ","low-1"
"777",229,17,"combine","diamond_checkered_0","circle_stripes_1","",0,"A6TTWEZZ","low-1"
"778",229,18,"combine","diamond_checkered_0","triangle_dots_2","",0,"A6TTWEZZ","low-1"
"779",229,19,"combine","diamond_checkered_0","triangle_plain_1","diamond_plain_2",0,"A6TTWEZZ","low-1"
"780",229,20,"combine","triangle_dots_0","triangle_plain_0","",0,"A6TTWEZZ","low-1"
"781",229,21,"combine","triangle_dots_0","diamond_dots_0","",0,"A6TTWEZZ","low-1"
"782",229,22,"combine","triangle_dots_0","triangle_stripes_0","",0,"A6TTWEZZ","low-1"
"783",229,23,"combine","triangle_dots_0","diamond_stripes_0","triangle_stripes_1",0,"A6TTWEZZ","low-1"
"784",229,24,"combine","triangle_stripes_1","triangle_dots_2","",0,"A6TTWEZZ","low-1"
"785",229,25,"combine","triangle_stripes_1","diamond_plain_2","triangle_plain_3",0,"A6TTWEZZ","low-1"
"786",229,26,"combine","triangle_plain_3","triangle_dots_2","",0,"A6TTWEZZ","low-1"
"787",229,27,"combine","triangle_plain_3","circle_stripes_1","",0,"A6TTWEZZ","low-1"
"788",229,28,"consume","triangle_plain_3","","",1000,"A6TTWEZZ","low-1"
"789",229,29,"consume","circle_stripes_1","","",10,"A6TTWEZZ","low-1"
"790",229,30,"consume","triangle_dots_2","","",100,"A6TTWEZZ","low-1"
"791",229,31,"combine","triangle_dots_0","diamond_stripes_0","triangle_stripes_1",0,"A6TTWEZZ","low-1"
"792",229,32,"consume","triangle_stripes_1","","",10,"A6TTWEZZ","low-1"
"793",229,33,"combine","circle_dots_0","triangle_stripes_0","",0,"A6TTWEZZ","low-1"
"794",229,34,"combine","circle_dots_0","diamond_dots_0","",0,"A6TTWEZZ","low-1"
"795",229,35,"combine","circle_dots_0","circle_stripes_0","",0,"A6TTWEZZ","low-1"
"796",229,36,"combine","circle_dots_0","triangle_plain_0","",0,"A6TTWEZZ","low-1"
"797",229,37,"combine","circle_dots_0","circle_checkered_0","",0,"A6TTWEZZ","low-1"
"798",229,38,"combine","circle_dots_0","square_plain_0","circle_plain_1",0,"A6TTWEZZ","low-1"
"799",229,39,"consume","circle_plain_1","","",10,"A6TTWEZZ","low-1"
"800",229,40,"combine","circle_plain_0","square_checkered_0","circle_checkered_1",0,"A6TTWEZZ","low-1"
