condition,run,seed,score,api_response
simple,0,0,69,No specific rules detected.
simple,1,0,77,"Rule: Combinations are valid if both objects are of the same type, such as all circles."
simple,0,1,63,No specific rules detected.
simple,1,1,69,No specific rules detected.
simple,0,2,71,Rule: Combinations are valid if objects are similar in both shape and color.
simple,1,2,73,No specific rules detected.
simple,0,3,71,Rule: Combinations are more likely to be successful if objects share the same shape or color.
simple,1,3,59,No specific rules detected.
simple,0,4,70,Rule: Combinations are valid if both objects are of similar shapes and colors.
simple,1,4,70,No specific rules detected.
medium,0,0,28,Rule: Combinations are valid if both objects are the same shape and have checkered patterns.
medium,1,0,27,No specific rules detected.
medium,0,1,28,No specific rules detected.
medium,1,1,25,No specific rules detected.
medium,0,2,24,No specific rules detected.
medium,1,2,30,No specific rules detected.
medium,0,3,26,"Rule: Combinations are valid if different shaped items (squares, circles, triangles, diamonds) are paired with each other."
medium,1,3,30,No specific rules detected.
medium,0,4,30,No specific rules detected.
medium,1,4,31,No specific rules detected.
hard,0,0,24,No specific rules detected.
hard,1,0,28,No specific rules detected.
hard,0,1,36,No specific rules detected.
hard,1,1,31,No specific rules detected.
hard,0,2,31,No specific rules detected.
hard,1,2,34,No specific rules detected.
hard,0,3,37,No specific rules detected.
hard,1,3,27,No specific rules detected.
hard,0,4,29,No specific rules detected.
hard,1,4,27,No specific rules detected.
