"","id","condition","messageHow","messageRules","total_points","coded","n_tips","len_tips","n_rules","len_rules","n_NAs","len_NAs","len_summary"
"1",2,"low","Match the right one!","good points are high",132,"""{\n\""Tips\"": [\""Match the right one!\"", \""good points are high\""],\n\""Patterns\"": [],\n\""NA\"": [],\n\""patterns_summary\"": \""No patterns identified.\""\n}""",2,40,0,0,0,0,23
"2",3,"high","Try to get the purple crystals as getting higher tier crystals is exponentially better ","Merge with the same shape",100110,"""{\n  \""Tips\"": [\""Try to get the purple crystals as getting higher tier crystals is exponentially better\""],\n  \""Patterns\"": [\""Merge with the same shape\""],\n  \""NA\"": [],\n  \""patterns_summary\"": \""Merging items of the same shape is a mechanic within the game.\""\n}""",1,86,1,25,0,0,62
"3",4,"low","Copy the information in the explanation to be able to read it again as there is no instructions when you start.","I could not find any pattern",31,"""{\n  \""Tips\"": [\""Copy the information in the explanation to be able to read it again as there is no instructions when you start.\""],\n  \""Patterns\"": [],\n  \""NA\"": [\""I could not find any pattern\""],\n  \""patterns_summary\"": \""No identifiable patterns were found.\""\n}""",1,111,0,0,1,28,36
"4",5,"high","just continue too pair up the red shapes with the ones you create too make purple ","start with one shape at a time and pair up all the same shapes first, for example the squares, once you get too purple colour cash it in for points, continue to do that with all the other shapes ",400013,"""{\n\""Tips\"": [\""Just continue to pair up the red shapes with the ones you create to make purple\"", \""start with one shape at a time and pair up all the same shapes first, for example the squares\"", \""once you get to purple colour cash it in for points, continue to do that with all the other shapes\""],\n\""Patterns\"": [\""Just continue to pair up the red shapes with the ones you create to make purple\"", \""start with one shape at a time and pair up all the same shapes first, for example the squares\"", \""once you get to purple colour cash it in for points, continue to do that with all the other shapes\""],\n\""NA\"": [],\n\""patterns_summary\"": \""The game involves pairing up red and another color to create purple. It's best to start with one shape at a time. After creating a purple, cash it in for points and continue the same pattern with all other shapes.\""\n}""",3,270,3,270,0,0,213
"5",6,"medium","Once you find a combo that works, max that out before moving on","Shape matching doesn't seem to be relevent (squares with squares etc)",0,"""{\n  \""Tips\"": [],\n  \""Patterns\"": [\n    \""Once you find a combo that works, max that out before moving on\"",\n    \""Shape matching doesn't seem to be relevent (squares with squares etc)\""\n  ],\n  \""NA\"": [],\n  \""patterns_summary\"": \""Optimize gameplay by maximizing successful combos before proceeding to the next. Shape matching, such as pairing squares with squares, is not relevant.\""\n}""",0,0,2,132,0,0,151
"6",7,"low","Circles and Squares tend to have the best fusion, usually the ones with solid patterns ","Circles and Squares tend to have the best fusion , usually the ones with solid patterns ",0,"""{\n  \""Tips\"": [],\n  \""Patterns\"": [\""Circles and Squares tend to have the best fusion, usually the ones with solid patterns\"", \""Circles and Squares tend to have the best fusion, usually the ones with solid patterns\""],\n  \""NA\"": [],\n  \""patterns_summary\"": \""Shapes, specifically circles and squares with solid patterns, have the best fusion.\""\n}""",0,0,2,172,0,0,83
"7",8,"high","You have to put together the same kind of shapes","triangles go with triangles, square with squarer, ecc",302002,"""{\n\""tips\"": [],\n\""patterns\"": [\""You have to put together the same kind of shapes\"", \""triangles go with triangles, square with squarer, ecc\""],\n\""NA\"": [],\n\""patterns_summary\"": \""Shapes must be paired with the same kind of shapes, such as triangles with triangles and squares with squares.\""\n}""",0,0,2,101,0,0,110
"8",9,"low","I don't have any strategies to share","A solid square and solid circle gives 10 points, a solid triangle and solid diamond gives 10 points",65,"""{\n  \""tips\"": [],\n  \""patterns\"": [\n    \""A solid square and solid circle gives 10 points\"", \n    \""a solid triangle and solid diamond gives 10 points\""\n  ],\n  \""NA\"": [\n    \""I don't have any strategies to share\""\n  ],\n  \""patterns_summary\"": \""Pairs of solid shapes such as a square and circle or a triangle and diamond yield 10 points each.\""\n}""",0,0,2,97,1,36,97
"9",10,"low","honeslty just keep trying random things","find the orange square ",30,"""{\n  \""Tips\"": [\""find the orange square\""],\n  \""Patterns\"": [],\n  \""NA\"": [\""honeslty just keep trying random things\""],\n  \""patterns_summary\"": \""No discernible patterns were identified in the responses\""\n}""",1,22,0,0,1,39,56
"10",11,"medium","Combining crystals","the points multiplied",0,"""{\n  \""tips\"": [],\n  \""patterns\"": [\""Combining crystals\"", \""the points multiplied\""],\n  \""NA\"": [],\n  \""patterns_summary\"": \""When crystals are combined, the points multiply.\""\n}""",0,0,2,39,0,0,48
"11",12,"medium","use arrows to cotrol the game ","using space bar to combine or fuse items",124,"""{\n  \""Tips\"": [\""use arrows to control the game\"", \""using space bar to combine or fuse items\""],\n  \""Patterns\"": [],\n  \""NA\"": [],\n  \""patterns_summary\"": \""\""\n}""",2,70,0,0,0,0,0
"12",13,"low","Take your time and try to think before playing the game. Just because you are getting a hint it does not mean you will get a crystal.","WIth a cycle and a solid colur square you can get a crystal. It is always 2 different shapes that get you a crystal.",0,"""{\n  \""Tips\"": [\""Take your time and try to think before playing the game.\"", \""Just because you are getting a hint it does not mean you will get a crystal.\""],\n  \""Patterns\"": [\""With a cycle and a solid color square you can get a crystal.\"", \""It is always 2 different shapes that get you a crystal.\""],\n  \""NA\"": [],\n  \""patterns_summary\"": \""A crystal can be obtained by combining a cycle and a solid color square. The key to receiving a crystal is combining two different shapes.\""\n}""",2,132,2,115,0,0,138
"13",14,"low","i try to make variatons on the lines and points","some of them was random for me, even i think all of them, i don't undestrand how to hold the points :/",101,"""{\n\""Tips\"": [\""i try to make variatons on the lines and points\""],\n\""Pattern\"": [],\n\""NA\"": [\""some of them was random for me, even i think all of them, i don't undestrand how to hold the points :/\""],\n\""patterns_summary\"": \""NA\""\n}""",1,47,0,0,1,102,2
"14",15,"low","Match the same patterns together. ","Match the same patterns together, doesn't have to be the same shape. ",29,"""{\n \""Tips\"": [],\n \""Patterns\"": [\""Match the same patterns together.\"", \""Match the same patterns together, doesn't have to be the same shape.\""],\n \""NA\"": [],\n \""patterns_summary\"": \""Matches can be made based on patterns, regardless of the shape of the items.\""\n}""",0,0,2,101,0,0,76
"15",16,"high","Pay close attention to which crystal combinations work
Remember that successful fusion creates a crystal worth 10x the original value","Crystals with similar shapes or geometric patterns seem more likely to fuse successfully",1,"""{\n\""Tips\"": [\""Pay close attention to which crystal combinations work\""],\n\""Patterns\"": [\""Remember that successful fusion creates a crystal worth 10x the original value\"", \""Crystals with similar shapes or geometric patterns seem more likely to fuse successfully\""],\n\""NA\"": [],\n\""patterns_summary\"": \""Successful fusion results in a crystal worth 10 times the original value. Crystals with similar shapes or geometric patterns have a higher chance of successful fusion.\""\n}""",1,54,2,166,0,0,167
"16",17,"medium","square plus circle no matter the patterns works well. Triangle plus diamond too. Dont fuse two of the same shape it never works. For example dont fuse two triangles or two circles.","the shapes never fuze with the same shape. For example cicle and circle",341,"""{\n  \""Tips\"": [], \n  \""Patterns\"": [\n    \""square plus circle no matter the patterns works well.\"", \n    \""Triangle plus diamond too.\"", \n    \""Dont fuse two of the same shape it never works.\"", \n    \""For example dont fuse two triangles or two circles.\"", \n    \""the shapes never fuze with the same shape.\"",\n    \""For example cicle and circle\""\n   ], \n  \""NA\"": [],\n  \""patterns_summary\"" : \""Different shapes work well when fused together (e.g., square with circle, or triangle with diamond). However, fusing two of the same shape is never successful.\""\n}""",0,0,6,247,0,0,159
"17",18,"high","you should be observant on the arrows","collect the items by using space",108,"""{\n  \""Tips\"": [\n    \""you should be observant on the arrows\"",\n    \""collect the items by using space\""\n  ],\n  \""Patterns\"": [],\n  \""NA\"": [],\n  \""patterns_summary\"": \""\""\n}""",2,69,0,0,0,0,0
"18",19,"high","Match the same shapes first","match patterns that are similar first.",112,"""{\n  \""Tips\"": [],\n  \""Patterns\"": [\""Match the same shapes first\"", \""match patterns that are similar first.\""],\n  \""NA\"": [],\n  \""patterns_summary\"": \""When playing the game first match the same shapes and similar patterns.\""\n}""",0,0,2,65,0,0,71
"19",20,"low","I have no idea","Did not notice anything",220,"""{\n  \""Tips\"": [],\n  \""Patterns\"": [],\n  \""NA\"": [\""I have no idea\"", \""Did not notice anything\""],\n  \""patterns_summary\"": \""\""\n}""",0,0,0,0,2,37,0
"20",21,"medium","Do not mindlessly click, try and figure out a pattern of what combines first. It is simpler than you think - if two shapes mix, keep mixing the new crystal with the same shape to create new colours!","If you combine two shapes together and keep combing them, you move up in the crystal points rank",200021,"""{\n  \""Tips\"": [\n    \""Do not mindlessly click, try and figure out a pattern of what combines first.\"",\n    \""If you combine two shapes together and keep combing them, you move up in the crystal points rank\""\n  ],\n  \""Patterns\"": [\n    \""It is simpler than you think - if two shapes mix, keep mixing the new crystal with the same shape to create new colours!\""\n  ],\n  \""NA\"": [],\n  \""patterns_summary\"": \""Mixing two same shapes creates a new crystal with new colour. Continuing to mix these crystals, one can climb up the crystal points rank.\""\n}""",2,173,1,120,0,0,137
"21",22,"medium","I was just going randomly. ","N/a",100000,"""{\n  \""Tips\"": [],\n  \""Patterns\"": [],\n  \""NA\"": [\""I was just going randomly.\"", \""N/a\""],\n  \""patterns_summary\"": \""No patterns identified.\""\n}""",0,0,0,0,2,29,23
"22",23,"low","Carefully read the rule. Even if they don't help you in action (","I didn't catch exactly what this game is leading to. It is not as it is described before",130,"""{\n  \""Tips\"": [\""Carefully read the rule. Even if they don't help you in action (\""],\n  \""Patterns\"": [],\n  \""NA\"": [\""I didn't catch exactly what this game is leading to. It is not as it is described before\""],\n  \""patterns_summary\"": \""No specific patterns or strategies were identified in the provided responses.\""\n}""",1,64,0,0,1,88,77
"23",24,"medium","Remember to drop off your colours (if its a good one) pressing space before you try and merge again, its very possible to go backwards in colour tiers I think so you can potentially lose points rather than accidentally merge into a lower colour. Always check out the hints for each block at the top, you can plan your moves this way before randomly trying to find out what works best. ","I could not find any rules/patterns, everything seemed fairly random. ",101015,"""{\n  \""Tips\"": [\""Remember to drop off your colours (if its a good one) pressing space before you try and merge again, its very possible to go backwards in colour tiers I think so you can potentially lose points rather than accidentally merge into a lower colour.\"", \""Always check out the hints for each block at the top, you can plan your moves this way before randomly trying to find out what works best.\""],\n  \""Patterns\"": [],\n  \""NA\"": [\""I could not find any rules/patterns, everything seemed fairly random.\""],\n  \""patterns_summary\"": \""No identifiable patterns were mentioned in the responses provided.\""\n}""",2,383,0,0,1,69,66
"24",25,"low","Dont hold down the space bar as you will quickly loose the number of turns","I don't think the actions to combine crystals was working or I didn't understand the rules correctly. Maybe add a test section to get people used to playing the game ",0,"""{\n  \""Tips\"": [\""Dont hold down the space bar as you will quickly loose the number of turns\"", \""Maybe add a test section to get people used to playing the game\""],\n  \""Patterns\"": [],\n  \""NA\"": [\""I don't think the actions to combine crystals was working or I didn't understand the rules correctly.\""],\n  \""patterns_summary\"": \""No identified patterns.\""\n}""",2,137,0,0,1,101,23
"25",26,"low","Please follow rules and be patient","Same color",31,"""{\n  \""Tips\"": [\""Please follow rules and be patient\""],\n  \""Patterns\"": [\""Same color\""],\n  \""NA\"": [],\n  \""patterns_summary\"": \""Items of the same color indicate a pattern in the game.\""\n}""",1,34,1,10,0,0,55
"26",27,"low","I was just picking randomly and hoping for the best, I found no noticable pattern","I seen no noticeable patterns ",1013,"""{\n  \""Tips\"": [],\n  \""Patterns\"": [],\n  \""NA\"": [\""I was just picking randomly and hoping for the best, I found no noticeable pattern.\"", \""I seen no noticeable patterns\""],\n  \""patterns_summary\"": \""No patterns were identified by the players.\""\n}""",0,0,0,0,2,112,43
"27",28,"low","try   match them  if can ","no sure ",5,"""{\n  \""Tips\"" : [\""try   match them  if can \""],\n  \""Patterns\"": [],\n  \""NA\"": [\""no sure\""],\n  \""patterns_summary\"": \""No patterns identified.\""\n}""",1,25,0,0,1,7,23
"28",29,"medium","nothing works","the plain goes with the dots ",1,"""{\n  \""Tips\"": [],\n  \""Patterns\"": [\""the plain goes with the dots\""],\n  \""NA\"": [\""nothing works\""],\n  \""patterns_summary\"": \""Plain patterns can be combined with dotted patterns.\""\n}""",0,0,1,28,1,13,52
"29",30,"high","Match same shapes","Try to match or fuse the same shapes. for example: Tringle with Triangle",1,"""{\n  \""Tips\"": [],\n  \""Patterns\"": [\""Match same shapes\"", \""Try to match or fuse the same shapes. for example: Tringle with Triangle\""],\n  \""NA\"": [],\n  \""patterns_summary\"": \""The game involves matching or fusing identical shapes together, as in the case of pairing two triangles.\""\n}""",0,0,2,89,0,0,104
"30",31,"medium","I formed the most new crystals by combining a square crystal with a round one. ","I didn't know if it was a pattern or coincidence, but combining a square with a circle formed a new crystal. ",100042,"""{\n\""Tips\"": [],\n\""Patterns\"": [\""I formed the most new crystals by combining a square crystal with a round one.\"", \""I didn't know if it was a pattern or coincidence, but combining a square with a circle formed a new crystal.\""],\n\""NA\"": [],\n\""patterns_summary\"": \""Combining a square crystal with a round crystal yields new crystals.\""\n}""",0,0,2,186,0,0,68
"31",32,"high","Long space adds extra points","Long spacing",1133,"""{\n  \""Tips\"": [\""Long space adds extra points\""],\n  \""Patterns\"": [\""Long spacing\""],\n  \""NA\"": [],\n  \""patterns_summary\"": \""Longer spaces are a recurring feature.\""\n}""",1,28,1,12,0,0,38
"32",33,"low","Use the found receipes along the side to find the best pairings and notice how many points you get once fused.","",121,"""{\n  \""Tips\"": [\""Use the found recipes along the side to find the best pairings and notice how many points you get once fused.\""],\n  \""Patterns\"": [],\n  \""NA\"": [\""nan\""],\n  \""patterns_summary\"": \""No patterns identified in the responses.\""\n}""",1,109,0,0,1,3,40
"33",34,"low","Find successful crystal combinations and then drop them. Pair the dropped combinations to create more combinations.","Combinations always take on the shape of the first crystal. Combinations always take on the texture of the second crystal.",111,"""{\n  \""tips\"": [\""Find successful crystal combinations and then drop them. Pair the dropped combinations to create more combinations.\""],\n  \""patterns\"": [\""Combinations always take on the shape of the first crystal.\"", \""Combinations always take on the texture of the second crystal.\""],\n  \""NA\"": [],\n  \""patterns_summary\"": \""The shape of a combination is determined by the first crystal, and the texture by the second crystal.\""\n}""",1,115,2,121,0,0,101
"34",35,"medium","Just experiment to find which combinations fuse: not many do. ","Fusions seem to occur when a circle is combined with a square. But not all combinations of circles and squares fuse. ",0,"""{\n  \""Tips\"": [\n    \""Just experiment to find which combinations fuse: not many do.\""\n  ],\n  \""Patterns\"": [\n    \""Fusions seem to occur when a circle is combined with a square.\"",\n    \""But not all combinations of circles and squares fuse.\""\n  ],\n  \""NA\"": [],\n  \""patterns_summary\"": \""Fusions frequently happen when a circle and a square are combined, however, not all combinations of these shapes will fuse.\""\n}""",1,61,2,115,0,0,123
"35",36,"low","I really don't understand this game. I thought I was playing it right but I didn't do very well. Tip: start with the closest gem and move outwards. Make lots of variations.","that I was not doing it right! Shapes that are the same don't seem to combine well.",26,"""{\n  \""Tips\"": [\""Tip: start with the closest gem and move outwards. Make lots of variations.\""],\n  \""Patterns\"": [\""Shapes that are the same don't seem to combine well.\""],\n  \""NA\"": [\""I really don't understand this game. I thought I was playing it right but I didn't do very well.\"", \""that I was not doing it right!\""],\n  \""patterns_summary\"": \""Combining identical shapes does not seem to yield a good result.\""\n}""",1,75,1,52,2,126,64
"36",37,"medium","
Remember to harvest the highest scoring symbols you find by the end of the moves, so keep track of the number of moves","
I noticed that not all symbols of the same color combined and above all that equal symbols do not necessarily combine",140,"""{\n\""Tips\"": [\""Remember to harvest the highest scoring symbols you find by the end of the moves, so keep track of the number of moves\""],\n\""Patterns\"": [\""I noticed that not all symbols of the same color combined and above all that equal symbols do not necessarily combine\""],\n\""NA\"": [],\n\""patterns_summary\"": \""Symbols of the same color or equal symbols do not necessarily combine.\""\n}""",1,118,1,117,0,0,70
"37",38,"high","Same shape fuses and increases the harvest
Ensure you drop high value harvest to free the space hover","Same shape fused and increased harvest",300000,"""{\n  \""Tips\"": [\""Ensure you drop high value harvest to free the space hover\""],\n  \""Patterns\"": [\""Same shape fuses and increases the harvest\"", \""Same shape fused and increased harvest\""],\n  \""NA\"": [],\n  \""patterns_summary\"": \""Fusing the same shapes increases the harvest.\""\n}""",1,58,2,80,0,0,45
"38",39,"high","You will need to focus more, dont rush into finishing","when collecting, combining, and harvesting crystals make sure you pay attension inorder to get the correct patterns",110000,"""{\n  \""Tips\"": [\""You will need to focus more, dont rush into finishing\""],\n  \""Patterns\"": [\""when collecting, combining, and harvesting crystals make sure you pay attension inorder to get the correct patterns\""],\n  \""NA\"": [],\n  \""patterns_summary\"": \""The game involves collecting, combining, and harvesting crystals in specific patterns, which requires careful attention.\""\n}""",1,53,1,115,0,0,120
"39",40,"high","pay attention to pieces in your hand beforr merging ","blue circle plus red equals purple circle",100000,"""{\n  \""Tips\"": [\""pay attention to pieces in your hand beforr merging\""],\n  \""Patterns\"": [\""blue circle plus red equals purple circle\""],\n  \""NA\"": [],\n  \""patterns_summary\"": \""Combining a blue circle and red results in a purple circle.\""\n}""",1,51,1,41,0,0,59
"40",41,"low","No identified pattern on how the fusion can yield more pointd","None. Random confusion ",0,"""{\n  \""Tips\"": [],\n  \""Patterns\"": [],\n  \""NA\"": [\""No identified pattern on how the fusion can yield more points\"", \""None. Random confusion\""],\n  \""patterns_summary\"": \""No clear patterns were identified by the participants.\""\n}""",0,0,0,0,2,83,54
"41",42,"medium","collecting the green circles is more valuable since it gives you more points","i noticed collecting the diamonds gives less points than the circles and rectangles",111,"""{\n  \""Tips\"": [\""collecting the green circles is more valuable since it gives you more points\""],\n  \""Patterns\"": [\""i noticed collecting the diamonds gives less points than the circles and rectangles\""],\n  \""NA\"": [],\n  \""patterns_summary\"": \""Diamonds are worth fewer points compared to circles and rectangles.\""\n}""",1,76,1,83,0,0,67
"42",43,"high","Combine forms: no mattern + a pattern = leads to a orange symbol 

As soon as youas holding an orange symbol (by picking one symbol with no pattern, and the same symbol with one pattern), pick a third symbol with squared-pattern, this will lead to a yellow. ","Same format:
1. Pattern + Non-pattern = Orange 
2. Orange + Squared-pattern = yellow",382,"""{\n  \""Tips\"": [\n    \""As soon as you are holding an orange symbol (by picking one symbol with no pattern, and the same symbol with one pattern), pick a third symbol with squared-pattern, this will lead to a yellow.\""\n  ],\n  \""Patterns\"": [\n    \""Combine forms: no pattern + a pattern = leads to a orange symbol\"",\n    \""Pattern + Non-pattern = Orange\"",\n    \""Orange + Squared-pattern = yellow\""\n  ],\n  \""NA\"": [],\n  \""patterns_summary\"": \""The game involves combining different symbols. An orange symbol is obtained by combining one patterned and one non-patterned symbol. Adding a squared pattern to the resultant orange symbol leads to a yellow symbol.\""\n}""",1,192,3,127,0,0,214
"43",44,"high","start with the same shapes","I have not noticed a pattern accept selecting the same shapes to morph",300031,"""{\n  \""Tips\"": [],\n  \""Patterns\"": [\""start with the same shapes\"", \""I have not noticed a pattern accept selecting the same shapes to morph\""],\n  \""NA\"": [],\n  \""patterns_summary\"": \""Selection of identical shapes initially is a noticeable pattern for the game mechanic which causes morphing.\""\n}""",0,0,2,96,0,0,108
"44",45,"low","I tried to combine the crystals in accordance to the matching patterns.  ","They are best combined when they look alike.",1018,"""{\n  \""Tips\"": [],\n  \""Patterns\"": [\""I tried to combine the crystals in accordance to the matching patterns.\"", \""They are best combined when they look alike.\""],\n  \""NA\"": [],\n  \""patterns_summary\"": \""The game involves combining crystals following a matching pattern. Successful combinations occur when the crystals look alike.\""\n}""",0,0,2,115,0,0,126
"45",46,"low","A square with a pattern in and a solid red circle gave me more points","Diamond circle and square circle seemed to give me more points",175,"""{\n\""Tips\"": [],\n\""Patterns\"": [\""A square with a pattern in and a solid red circle gave me more points\"", \""Diamond circle and square circle seemed to give me more points\""],\n\""NA\"": [],\n\""patterns_summary\"": \""More points were gained from combinations of square with patterns and solid red circle, as well as the combinations of diamond circle and square circle.\""\n}""",0,0,2,131,0,0,152
"46",47,"high","Gems of the same shape merge to make new gems.  Colour and pattern doesn't seem to matter.","Merging gems of the same shape produced new gems.  Attempting to merge gems of differing shapes failed every time in my trials.",400031,"""{\n  \""Tips\"": [],\n  \""Patterns\"": [\n    \""Gems of the same shape merge to make new gems.\"", \n    \""Colour and pattern doesn't seem to matter.\"", \n    \""Merging gems of the same shape produced new gems.\"", \n    \""Attempting to merge gems of differing shapes failed every time in my trials.\""\n  ],\n  \""NA\"": [],\n  \""patterns_summary\"": \""Gems in the game can be merged to create new gems only if they share the same shape. The color and pattern of the gems have no influence on the merging process. Attempts to merge gems of different shapes consistently fail.\""\n}""",0,0,4,213,0,0,222
"47",48,"low","Make sure that your patterns in your shapes somehow correspond to each other to make a match","I noticed that shapes are almost similar when playing and doing the game",1105,"""{\n  \""Tips\"": [],\n  \""Patterns\"": [\n    \""Make sure that your patterns in your shapes somehow correspond to each other to make a match\"",\n    \""I noticed that shapes are almost similar when playing and doing the game\""\n  ],\n  \""NA\"": [],\n  \""patterns_summary\"": \""Matching patterns between shapes is important to succeed in the game, where similarities in shape during play can provide clues.\""\n}""",0,0,2,164,0,0,128
"48",49,"low","Don't fuse two items of the same shape, rectangles fuse with circles, triangles fuse with rhombus","Rectangles fuse with circles, triangles fuse with rhombus",0,"""{\n  \""Tips\"": [],\n  \""Patterns\"": [\n    \""Don't fuse two items of the same shape, rectangles fuse with circles, triangles fuse with rhombus\"", \n    \""Rectangles fuse with circles, triangles fuse with rhombus\""\n  ],\n  \""NA\"": [],\n  \""patterns_summary\"": \""Items should not be fused if they share the same shape. Specifically, rectangles should be fused with circles and triangles with rhombus.\""\n}""",0,0,2,154,0,0,137
"49",50,"low","Don't press spacebar when carrying an item on an empty square as this will bank that item","In this particular game the only combo I found was square and circle",27,"""{\n  \""Tips\"": [\""Don't press spacebar when carrying an item on an empty square as this will bank that item\""], \n  \""Patterns\"": [\""In this particular game the only combo I found was square and circle\""], \n  \""NA\"": [],\n  \""patterns_summary\"": \""The only identified combo in the game is between a square and a circle.\""\n}""",1,89,1,68,0,0,71
"50",51,"high","the higher energy crystals have to fuse with crystals that have higher energy than them","the rule is that if the crystal has lower energy it can fuse with a crystal that has an energy that is higher than theirs",0,"""{\n  \""Tips\"": [],\n  \""Patterns\"": [\""the higher energy crystals have to fuse with crystals that have higher energy than them\"", \""the rule is that if the crystal has lower energy it can fuse with a crystal that has an energy that is higher than theirs\""],\n  \""NA\"": [],\n  \""patterns_summary\"": \""Crystals can only fuse together if a lower energy crystal fuses with a higher energy crystal.\""\n}""",0,0,2,208,0,0,93
"51",52,"medium","SQUARE AND CIRCLE OF DIFFERENT PATTERNS CAN FUSE, TRIANGLE AND DIAMOND OF DIFFERENT PATTERNS CAN FUSE","SQUARE AND CIRCLE OF DIFFERENT PATTERNS CAN FUSE, TRIANGLE AND DIAMOND OF DIFFERENT PATTERNS CAN FUSE",112,"""{\n  \""tips\"": [],\n  \""patterns\"": [\""SQUARE AND CIRCLE OF DIFFERENT PATTERNS CAN FUSE\"", \""TRIANGLE AND DIAMOND OF DIFFERENT PATTERNS CAN FUSE\""],\n  \""NA\"": [],\n  \""patterns_summary\"": \""Shapes like squares and circles, or triangles and diamonds, can fuse if they exhibit different patterns.\""\n}""",0,0,2,99,0,0,104
"52",53,"low","Keep trying new recipes","I didn't find any.",100,"""{\n  \""Tips\"": [\""Keep trying new recipes\""],\n  \""Patterns\"": [],\n  \""NA\"": [\""I didn't find any.\""],\n  \""patterns_summary\"": \""No patterns identified.\""\n}""",1,23,0,0,1,18,23
"53",54,"high","trying to move as quickly as possible is the trick to get more points ","mostly the same shapes were combining as compared to different shapes",11000,"""{\n  \""Tips\"": [\""trying to move as quickly as possible is the trick to get more points\""],\n  \""Patterns\"": [\""mostly the same shapes were combining as compared to different shapes\""],\n  \""NA\"": [],\n  \""patterns_summary\"": \""The game primarily favors the combination of similar shaped items.\""\n}""",1,69,1,69,0,0,66
"54",55,"medium","be attentive and focused. don't look for identical figures with identical patterns.","items must have the same pattern",7,"""{\n\""Tips\"": [\""be attentive and focused.\""],\n\""Patterns\"": [\""don't look for identical figures with identical patterns.\"", \""items must have the same pattern\""],\n\""NA\"": [],\n\""patterns_summary\"": \""One strategy proposed is to avoid looking for identical figures with identical patterns, while another suggestion states that items should share the same pattern.\""\n}""",1,25,2,89,0,0,162
"55",56,"low","Be methodical in trying the combinations.","Check the hint box as it shows what you have tried previously.  None of the shapes shown combine with a green crystal to make another colour.",0,"""{\n  \""Tips\"": [\""Be methodical in trying the combinations.\"", \""Check the hint box as it shows what you have tried previously.\""],\n  \""Patterns\"": [\""None of the shapes shown combine with a green crystal to make another colour.\""],\n  \""NA\"": [],\n  \""patterns_summary\"": \""No shape can combine with a green crystal to produce another color.\""\n}""",2,103,1,77,0,0,67
"56",57,"medium","Chose a starting shape like circle. Try matching with another circle first and if it fuses keep choosing circle. If not, then chose another shape until you find the fusing match. When you get to purple drop it and find another match. Make sure to cash in the purple when you only have a few moves left.","I found that the patterns didn't make much difference, but once I found a matching pair, for example square and circle, I could hold a square and click any circle and it would fuse.",301101,"""{\n  \""Tips\"": [\n    \""Chose a starting shape like circle.\"",\n    \""Try matching with another circle first and if it fuses keep choosing circle.\"",\n    \""If not, then chose another shape until you find the fusing match.\"",\n    \""When you get to purple drop it and find another match.\"",\n    \""Make sure to cash in the purple when you only have a few moves left.\"",\n    \""I found that the patterns didn't make much difference, but once I found a matching pair, for example square and circle, I could hold a square and click any circle and it would fuse.\""\n  ],\n  \""Patterns\"": [\n    \""If not, then chose another shape until you find the fusing match.\"",\n    \""When you get to purple drop it and find another match.\"",\n    \""I found that the patterns didn't make much difference, but once I found a matching pair, for example square and circle, I could hold a square and click any circle and it would fuse.\""\n  ],\n  \""NA\"": [],\n\n  \""patterns_summary\"": \""Gameplay revolves around finding and matching shapes to create fusions. When a match is found, it seemed that holding onto one shape and selecting the other could fuse them together. Additionally, when a fusion reaches a purple hue a different action is required: dropping the item and searching for another match.\""\n}""",6,479,3,300,0,0,314
"57",58,"low","Try harvesting thred and four sided shapes, they seem to combine better","Like shapes and patterns typically won't combine. Triangles and diamonds more likely.",100,"""{\n  \""Tips\"": [\""Try harvesting thred and four sided shapes, they seem to combine better\""],\n  \""Patterns\"": [\""Like shapes and patterns typically won't combine. Triangles and diamonds more likely.\""],\n  \""NA\"": [],\n  \""patterns_summary\"": \""Shapes and patterns that are similar do not combine well, while combinations of thred, four-sided shapes, triangles, and diamonds seem to be more successful.\""\n}""",1,71,1,85,0,0,157
"58",59,"high","Matching the same shapes with different patterns lets you fuse them for bonus points.","Different shapes don't fuse together, similar ones do.",119,"""{\n\""tips\"": [],\n\""patterns\"": [\""Matching the same shapes with different patterns lets you fuse them for bonus points.\"", \""Different shapes don't fuse together, similar ones do.\""],\n\""NA\"": [],\n\""patterns_summary\"": \""Shapes with the same form can be merged for extra points, regardless of their patterns. Shapes of different forms can't be fused together.\""\n}""",0,0,2,139,0,0,138
"59",60,"low","be patient and do not cash in any item before finding patters.","circles and squares need to have the same pattern. rhombus and triangles have to not have the same pattern or dotted pattern with lines. Also it's important to pay attention to what the order the items are fused, fusing a square with a circle creates a square while fusing a circle with a square creates a circle.",350,"""{\n  \""Tips\"": [\""be patient and do not cash in any item before finding patters.\""],\n  \""Patterns\"": [\""circles and squares need to have the same pattern.\"", \""rhombus and triangles have to not have the same pattern or dotted pattern with lines.\"", \""Also it's important to pay attention to what the order the items are fused, fusing a square with a circle creates a square while fusing a circle with a square creates a circle.\""],\n  \""NA\"": [],\n  \""patterns_summary\"": \""Circles and squares should share the same pattern, whereas rhombus and triangles must not have the same or dotted line pattern. The result of fusing items depends on the order, i.e., fusing a square and a circle produces a square, but reversing the order results in a circle.\""\n}""",1,62,3,311,0,0,275
"60",61,"high","This game was enjoyable and when fusing together try to make sure they are the same pattern.","when fusing together try to make sure they are the same pattern.",11,"""{\n  \""Tips\"": [\""This game was enjoyable and when fusing together try to make sure they are the same pattern.\"", \""when fusing together try to make sure they are the same pattern.\""],\n  \""Patterns\"": [\""This game was enjoyable and when fusing together try to make sure they are the same pattern.\"", \""when fusing together try to make sure they are the same pattern.\""],\n  \""NA\"": [],\n  \""patterns_summary\"": \""When fusing items together in the game, they should have the same pattern.\""\n}""",2,156,2,156,0,0,74
"61",62,"high","picking same shapes will be helpful","combining 2 or more with same shape will give us points",213,"""{\n  \""Tips\"": [\""picking same shapes will be helpful\""],\n  \""Patterns\"": [\""combining 2 or more with same shape will give us points\""],\n  \""NA\"": [],\n  \""patterns_summary\"": \""Points are acquired by combining two or more items of the same shape.\""\n}""",1,35,1,55,0,0,69
"62",63,"medium","I have no tips","It appears to be random",1006,"""{\n  \""Tips\"": [],\n  \""Patterns\"": [],\n  \""NA\"": [\""I have no tips\"", \""It appears to be random\""],\n  \""patterns_summary\"": \""No patterns identified\""\n}""",0,0,0,0,2,37,22
"63",64,"medium","When you find a combination of two objects, make note of the pattern inside the newly created object, fuse the new object (the one that you're holding) with the same shaped object that allowed you to create the new object, but with a different pattern than the new object.","I noticed that the pattern on the inside of the object that is combined with the held object is retained when combining, while the held object's shape was retained when combining.",200002,"""{\n  \""Tips\"": [],\n  \""Patterns\"": [\n    \""When you find a combination of two objects, make note of the pattern inside the newly created object, fuse the new object (the one that you're holding) with the same shaped object that allowed you to create the new object, but with a different pattern than the new object.\"",\n    \""I noticed that the pattern on the inside of the object that is combined with the held object is retained when combining, while the held object's shape was retained when combining.\""\n  ],\n  \""NA\"": [],\n  \""patterns_summary\"": \""When combining objects, the new object retains the pattern of the inside of the object that is combined with the held object and the shape of the held object. To create a new object, fuse the new object with a same shaped one but with a different pattern.\""\n}""",0,0,2,451,0,0,255
"64",65,"low","Circle and square matched patterns equals orange crystal","Circle and square matched patterns equals orange crystal",76,"""{\n\""tips\"": [],\n\""patterns\"": [\""Circle and square matched patterns equals orange crystal\"", \""Circle and square matched patterns equals orange crystal\""],\n\""NA\"": [],\n\""patterns_summary\"": \""When a circle and square pattern are matched, an orange crystal is produced.\""\n}""",0,0,2,112,0,0,76
"65",66,"medium","do not be afraid to use your points","the solid colours mixed with the striped ones severally can produce new colours",1011,"""{\n    \""Tips\"": [\""do not be afraid to use your points\""],\n    \""Patterns\"": [\""the solid colours mixed with the striped ones severally can produce new colours\""],\n    \""NA\"": [],\n    \""patterns_summary\"": \""Mixing solid and striped colours can produce new colours.\""\n}""",1,35,1,79,0,0,57
"66",67,"high","try to get as many purple shapes as possible, don't activate other colours, be sure not to double tap space by accident because you gonna activate them","2 of lesser color = 1 of higher, BUT
red + orange = light green
red + light green = dark green
orange + green = blue
red + blue = purple",210040,"""{\n  \""tips\"": [\n    \""try to get as many purple shapes as possible\"", \n    \""don't activate other colours\"",\n    \""be sure not to double tap space by accident because you gonna activate them\""\n  ],\n  \""patterns\"": [\n    \""2 of lesser color = 1 of higher\"",\n    \""red + orange = light green\"",\n    \""red + light green = dark green\"",\n    \""orange + green = blue\"",\n    \""red + blue = purple\""\n  ],\n  \""NA\"": [],\n  \""patterns_summary\"": \""Different color combinations result in a new color: two of a lesser color combine into a higher color, red and orange make light green, dark green comes from red and light green, blue is made from orange and green, and combining red and blue makes purple.\""\n}""",3,147,5,127,0,0,255
"67",68,"medium","combine square and circle with different patterns","I did not use any patterns, just try",24,"""{\n  \""Tips\"": [],\n  \""Patterns\"": [\""combine square and circle with different patterns\""],\n  \""NA\"": [\""I did not use any patterns, just try\""],\n  \""patterns_summary\"": \""Different patterns can be combined using a square and a circle.\""\n}""",0,0,1,49,1,36,63
"68",69,"low","link shapes of the same colour","same coloured shapes give you a new colour with the shape of the first shape",0,"""{\n  \""Tips\"": [],\n  \""Patterns\"": [\""link shapes of the same colour\"", \""same coloured shapes give you a new colour with the shape of the first shape\""],\n  \""NA\"": [],\n  \""patterns_summary\"": \""Linking shapes of the same colour results in a new colour, retaining the shape of the first one linked.\""\n}""",0,0,2,106,0,0,103
"69",70,"low","I started sorting them at one point but it didn't seem to help me much so I didn't bother.","Similar patterns worked better but not always and identical ones never fused. Matching red patterned triangle and diamond fused, matching red pattern circle and square fused. The only oranges I got to fuse were dotted triangle and solid diamond. I did very badly btw, hope this helps!",130,"""{\n  \""Tips\"": [],\n  \""Patterns\"": [\n    \""Similar patterns worked better but not always and identical ones never fused.\"",\n    \""Matching red patterned triangle and diamond fused, matching red pattern circle and square fused.\"",\n    \""The only oranges I got to fuse were dotted triangle and solid diamond.\""\n    ],\n  \""NA\"": [\n    \""I started sorting them at one point but it didn't seem to help me much so I didn't bother.\""\n  ],\n  \""patterns_summary\"": \""Fusion is possible between items with similar patterns, but not identical ones. Certain color and pattern combinations such as red patterned triangle and diamond or red pattern circle and square can fuse together. In the case of orange, dotted triangle and solid diamond were able to fuse.\""\n}""",0,0,3,243,1,90,289
"70",71,"medium","So what I have discovered is that to get more points, you have to double-click on each crystal.","I noticed that most combined crystals do not yield the desirable results.",144,"""{\n  \""Tips\"": [\""So what I have discovered is that to get more points, you have to double-click on each crystal.\""],\n  \""Patterns\"": [\""I noticed that most combined crystals do not yield the desirable results.\""],\n  \""NA\"": [],\n  \""patterns_summary\"": \""Combining crystals often leads to less desirable outcomes.\""\n}""",1,95,1,73,0,0,58
"71",72,"high","This game is a bit challenging however if you focus you will find the clues and receive the points in the game.","The more you try to form patterns with the shapes if they don't go hand in hand you will see an X sign on found recipes",24,"""{\n  \""Tips\"": [\""This game is a bit challenging however if you focus you will find the clues and receive the points in the game.\""],\n  \""Patterns\"": [\""The more you try to form patterns with the shapes if they don't go hand in hand you will see an X sign on found recipes\""],\n  \""NA\"": [],\n  \""patterns_summary\"": \""Attempting to form patterns with shapes that do not align will result in an X sign appearing on found recipes.\""\n}""",1,111,1,119,0,0,110
"72",73,"low","lookout for matching patterns and pay special attention to shapes","Square and circles appear to pair very well, and so are trianges and diagonal shapes. ",157,"""{\n\""Tips\"": [],\n\""Patterns\"": [\""lookout for matching patterns and pay special attention to shapes\"", \""Square and circles appear to pair very well, and so are trianges and diagonal shapes.\""],\n\""NA\"": [],\n\""patterns_summary\"": \""The game involves identifying matching patterns specifically focusing on shapes. Squares and circles, as well as triangles and diagonal shapes, pair well together.\""\n}""",0,0,2,150,0,0,163
"73",74,"medium","be patient and try and look for patterns","it was dificult for me",218,"""{\n  \""Tips\"": [\""be patient and try and look for patterns\""],\n  \""Patterns\"": [],\n  \""NA\"": [\""it was dificult for me\""],\n  \""patterns_summary\"": \""\""\n}""",1,40,0,0,1,22,0
"74",75,"medium","no strategy honestly ","none",111,"""{\n  \""Tips\"": [],\n  \""Patterns\"": [],\n  \""NA\"": [\""no strategy honestly\"", \""none\""],\n  \""patterns_summary\"": \""No discernible patterns identified.\""\n}""",0,0,0,0,2,24,35
"75",76,"high","dear future player
when you pick your crystals make sure they are of the same shape even if its different colors, you will be given different shapes to choose from. the first shape you choose stick to it, good luck.","the rule was crystals come in many shapes, forms and colors, let go of crystals ones you done picking to allow for space to pick up more, combining same shape different colors is best because some colors have more points than others.",10,"""{\n  \""Tips\"": [\n    \""when you pick your crystals make sure they are of the same shape even if its different colors, you will be given different shapes to choose from.\"",\n    \""the first shape you choose stick to it, good luck.\"",\n    \""let go of crystals ones you done picking to allow for space to pick up more\""\n  ],\n  \""Patterns\"": [\n    \""combining same shape different colors is best because some colors have more points than others.\""\n  ],\n  \""NA\"": [],\n  \""patterns_summary\"": \""Crystals of the same shape but different colors should be combined for best results due to the varying point values of different colors.\""\n}""",3,270,1,95,0,0,136
"76",77,"low","finish all your moves. ","combine diamond with triangle always and keep going. 
I did not find other shape's pairs you need to figure which shape is paired with.",10020,"""{\n  \""Tips\"": [\""finish all your moves.\""],\n  \""Patterns\"": [\""combine diamond with triangle always and keep going.\""],\n  \""NA\"": [\""I did not find other shape's pairs you need to figure which shape is paired with.\""],\n  \""patterns_summary\"": \""Diamonds should always be combined with triangles.\""\n}""",1,22,1,52,1,81,50
"77",78,"high","The game needs a lot of strategy.","The fusion of the colors is easy, and the red color fusion is quite easy when combined with red.",0,"""{\n  \""Tips\"": [\""The fusion of the colors is easy, and the red color fusion is quite easy when combined with red.\""],\n  \""Patterns\"": [\""The game needs a lot of strategy.\""],\n  \""NA\"": [],\n  \""patterns_summary\"": \""The game requires strategic gameplay.\""\n}""",1,96,1,33,0,0,37
"78",79,"high","make sure you check / look up on the messages on top for the type of item you are carrying tobe matched","i noticed i obtained more points when combing the square ones",21015,"""{\n  \""Tips\"": [\""make sure you check / look up on the messages on top for the type of item you are carrying tobe matched\""],\n  \""Patterns\"": [\""i noticed i obtained more points when combing the square ones\""],\n  \""NA\"": [],\n  \""patterns_summary\"": \""More points are earned when matching square items.\""\n}""",1,103,1,61,0,0,50
"79",80,"medium","Coming up with fusions is really difficult so don't waste your actions on them.","The striped(diagonal stripes) square + the checked circle was a fusion.
And the striped(diagonal stripes) circle + checked square was a fusion.
The tilted square (diagonal stripes) + checked triangle was a fusion.
Using the same shapes or patterns doesn't give you any fusions.",58,"""{\n  \""Tips\"": [\""Coming up with fusions is really difficult so don't waste your actions on them.\""],\n  \""Patterns\"": [\""The striped(diagonal stripes) square + the checked circle was a fusion.\"", \""And the striped(diagonal stripes) circle + checked square was a fusion.\"", \""The tilted square (diagonal stripes) + checked triangle was a fusion.\"", \""Using the same shapes or patterns doesn't give you any fusions.\""],\n  \""NA\"": [],\n  \""patterns_summary\"": \""Fusions are achieved through the combination of different objects having specific patterns. For instance, a stripe-patterned square combined with a checked circle, a stripe-patterned circle with a checked square, and a diagonally striped square with a checked triangle all result in fusions. Utilizing the same patterns or shapes does not yield a fusion.\""\n}""",1,79,4,274,0,0,354
"80",81,"medium","just pick up with the space bar and drop them into your points with the space bar immediatly","None of the patterns i tried to match worked out at all",23,"""{\n  \""Tips\"": [\""just pick up with the space bar and drop them into your points with the space bar immediatly\""],\n  \""Patterns\"": [],\n  \""NA\"": [\""None of the patterns i tried to match worked out at all\""],\n  \""patterns_summary\"": \""The participant attempted various patterns with no success.\""\n}""",1,92,0,0,1,55,59
"81",82,"low","Dont forget to harvest when you feel like its the right time.","Circles and squares are usually the two to fuse together.Patterns are also a hint sometimes. Diamond and Triangles fuse.",112,"""{\n  \""Tips\"": [\""Dont forget to harvest when you feel like its the right time.\""],\n  \""Patterns\"": [\""Circles and squares are usually the two to fuse together.\"", \""Patterns are also a hint sometimes.\"", \""Diamond and Triangles fuse.\""],\n  \""NA\"": [],\n  \""patterns_summary\"": \""Players can often fuse circles and squares, or diamonds and triangles in the game. Patterns can also act as hints.\""\n}""",1,61,3,119,0,0,114
"82",83,"medium","Look for patterns, for me it was circle + square of different inner lines made new circles, square + circle of different inner patterns made new squares. The shape you hold determined (was the same) as the new shape it forms and the pattern you fuse onto (the second shape) determines the inner pattern of the new shape. The other shapes were completely useless to me and I could not create recipes from them.  ","Only circles with squares could make new shapes. With the shape being determined by what you are holding (either a circle or square) and the inner pattern being determined by the shape you are not holding.",1001,"""{\n  \""Tips\"": [],\n  \""Patterns\"": [\n    \""Look for patterns, for me it was circle + square of different inner lines made new circles, square + circle of different inner patterns made new squares.\"",\n    \""The shape you hold determined (was the same) as the new shape it forms and the pattern you fuse onto (the second shape) determines the inner pattern of the new shape.\"",\n    \""The other shapes were completely useless to me and I could not create recipes from them.\"",\n    \""Only circles with squares could make new shapes.\"",\n    \""With the shape being determined by what you are holding (either a circle or square) and the inner pattern being determined by the shape you are not holding.\""\n  ],\n  \""NA\"": [],\n  \""patterns_summary\"": \""The players could create new shapes by combining circles and squares. The shape being held determined the type of the new shape while the pattern of the second shape determined the inner pattern of the new shape. Other shapes did not result in any new formations.\""\n}""",0,0,5,611,0,0,263
"83",84,"high","Don't rush during the game and take time to see how the recipes form to make the best judgement. Observe how the shapes merge.","You can only combine similarly shaped crystals. a circular crystal will only combine with another circular crystal",111,"""{\n\""Tips\"": [\""Don't rush during the game and take time to see how the recipes form to make the best judgement.\""],\n\""Patterns\"": [\""Observe how the shapes merge.\"", \""You can only combine similarly shaped crystals. a circular crystal will only combine with another circular crystal\""],\n\""NA\"": [],\n\""patterns_summary\"": \""Different shapes of crystals can be merged, but only if they are the same, i.e., a circular crystal can only combine with another circular one.\""\n}""",1,96,2,143,0,0,143
"84",85,"high","Combine the same shapes and collect all the same shapes until they are finished. Don't rush to drop a shape because new ones of the same type may pop up. When finished with a certain set of shapes, be sure to drop the one you are holding, then pick up another one and repeat the same pattern. Never mix two different shapes.","When you mix different shapes, you get an error, but mixing the same shape can give you a new shape and color and therefore points, depending on the patterns on the shapes that you mixed.",111143,"""{\n  \""Tips\"": [\n    \""Combine the same shapes and collect all the same shapes until they are finished.\"",\n    \""Don't rush to drop a shape because new ones of the same type may pop up.\"",\n    \""When finished with a certain set of shapes, be sure to drop the one you are holding, then pick up another one and repeat the same pattern.\""\n  ],\n  \""Patterns\"": [\n    \""Never mix two different shapes.\"",\n    \""When you mix different shapes, you get an error, but mixing the same shape can give you a new shape and color and therefore points, depending on the patterns on the shapes that you mixed.\""\n  ],\n  \""NA\"": [],\n  \""patterns_summary\"": \""Mixing two different shapes leads to an error, while combining the same shapes can create a new shape and color which earn points. It's key to complete sets of shapes sequentially to successfully accumulate points.\""\n}""",3,290,2,218,0,0,214
"85",86,"high","When selecting, select the same shape. For instance if you are are going for circle, you combine all circle. To select a shape press the space bar key on your keyboard. To move around use the arrow keys ie the up, down, left and right keys on your keyboard. If you want to drop the shape you are holding, you press the D key on your keyboard"," Now for the pattern a plan red circle  ie without any pattern and a square patterned orange circle will give a plan yellow circle
A plan red diamond shape combined with a square red diamond will give an orange squared patterned diamond, an orange  patterned diamond with a red dotted diamond will give a yellow dotted diamond. A yellow dotted diamond with a slight lined patterned  red diamond will give a blue slight lined patterned diamond shape. In essence just play around and combine the same shapes together


",100012,"""{\n  \""Tips\"": [\n    \""To select a shape press the space bar key on your keyboard.\"",\n    \""To move around use the arrow keys ie the up, down, left and right keys on your keyboard.\"",\n    \""If you want to drop the shape you are holding, you press the D key on your keyboard\""\n  ],\n  \""Patterns\"": [\n    \""When selecting, select the same shape. For instance if you are are going for circle, you combine all circle.\"",\n    \""Now for the pattern a plan red circle  ie without any pattern and a square patterned orange circle will give a plan yellow circle\"",\n    \""A plan red diamond shape combined with a square red diamond will give an orange squared patterned diamond.\"",\n    \""An orange  patterned diamond with a red dotted diamond will give a yellow dotted diamond.\"",\n    \""A yellow dotted diamond with a slight lined patterned  red diamond will give a blue slight lined patterned diamond shape.\"",\n    \""In essence just play around and combine the same shapes together\""\n  ],\n  \""NA\"": [],\n  \""patterns_summary\"": \""Always select and combine the same shapes. When combining a plain red circle with a square patterned orange circle, you will get a plain yellow circle. Combining a plain red diamond with a square red diamond will result in an orange square patterned diamond. If you combine an orange patterned diamond with a red dotted diamond, you get a yellow dotted diamond. Combining a yellow dotted diamond with a slight line patterned red diamond will result in a blue slight line patterned diamond. \""\n}""",3,230,6,617,0,0,490
"86",87,"medium","I have no idea what i waws doing. Guess game","I tried to match ",11001,"""{\n\""tips\"": [],\n\""patterns\"": [\""I tried to match\""],\n\""NA\"": [\""I have no idea what i waws doing. Guess game\""],\n\""patterns_summary\"": \""The participant attempted to match items.\""\n}""",0,0,1,16,1,44,41
"87",88,"low","It was quite confusing at some point","shapes perhaps color pattern",1,"""{\n  \""Tips\"": [],\n  \""Patterns\"": [\""shapes perhaps color pattern\""],\n  \""NA\"": [\""It was quite confusing at some point\""],\n  \""patterns_summary\"": \""The game might involve patterns related to shapes and colors.\""\n}""",0,0,1,28,1,36,61
"88",89,"low","i could'nt get the trick","i didnt notice the patterns",0,"""{\n  \""Tips\"": [],\n  \""Patterns\"": [],\n  \""NA\"": [\""i could'nt get the trick\"", \""i didnt notice the patterns\""],\n  \""patterns_summary\"": \""No noticeable patterns or strategies were identified.\""\n}""",0,0,0,0,2,51,53
"89",90,"medium","before you save a mineral try to combine as many as possible to the most points","1. Same shapes cannot be combined
2. Shapes with the same pattern cannot combined
3. Recipes -> blank square + checkered circle, vice versa
           -> blank rhombus + checkered triangle, vice versa
           -> blank triangle + dotted rhombus, vice versa
           -> dotted triangle + diagonal rhombus, vice versa
           -> diagonal triangle + checkered rhombus, vice versa
4. Any resulting fusion can also be combined according to the recipes to make an even more valuable mineral",362,"""{\n  \""Tips\"": [\""before you save a mineral try to combine as many as possible to the most points\""],\n  \""Patterns\"": [\n      \""Same shapes cannot be combined\"",\n      \""Shapes with the same pattern cannot combined\"",\n      \""Recipes -> blank square + checkered circle, vice versa\"",\n      \""-> blank rhombus + checkered triangle, vice versa\"",\n      \""-> blank triangle + dotted rhombus, vice versa\"",\n      \""-> dotted triangle + diagonal rhombus, vice versa\"",\n      \""-> diagonal triangle + checkered rhombus, vice versa\"",\n      \""Any resulting fusion can also be combined according to the recipes to make an even more valuable mineral\""\n  ],\n  \""NA\"": [],\n  \""patterns_summary\"": \""In the game, same shapes and patterns cannot be combined. Specific recipes exist for combining different shapes and patterns to form new, more valuable minerals. For instance, blank squares and checkered circles, blank rhombus and checkered triangles, and so on can be combined. The new mineral resulted from the fusion can be further combined according to these recipes.\""\n}""",1,79,8,428,0,0,371
"90",91,"medium","Iam sorry if i cannot be of much help but i would like to say goodluck before anything.So to earn more you would pick a random crystal and try to fuse it with a fe others untl you get it right.If you fail after 3 attempts take another one and fuse it too.","a square and circle make a recipe.
a kite and triangle make a recipe",1,"""{\n\""Tips\"": [\""So to earn more you would pick a random crystal and try to fuse it with a few others until you get it right. If you fail after 3 attempts take another one and fuse it too.\""],\n\""Patterns\"": [\""a square and circle make a recipe.\"", \""a kite and triangle make a recipe\""],\n\""NA\"": [\""I am sorry if i cannot be of much help but i would like to say good luck before anything.\""],\n\""patterns_summary\"": \""Certain combinations of shapes like a square and circle, or a kite and triangle yield a recipe.\""\n}""",1,171,2,67,1,89,95
"91",92,"high","combine same shape crystals and if possible same colour though from my experience the colour is not really necessary except it is been displayed.","if you combine different shape crystal it score you low. give it your full concentration.",201,"""{\n  \""Tips\"": [\""combine same shape crystals and if possible same colour though from my experience the colour is not really necessary except it is been displayed.\"", \""if you combine different shape crystal it score you low. give it your full concentration.\""],\n  \""Patterns\"": [\""combine same shape crystals and if possible same colour though from my experience the colour is not really necessary except it is been displayed.\"", \""if you combine different shape crystal it score you low. give it your full concentration.\""],\n  \""NA\"": [],\n  \""patterns_summary\"": \""To score higher in the game, it's advised to combine crystals of the same shape and preferably of the same color, even though color matters less unless highlighted. Combining crystals of different shapes results in lower scores.\""\n}""",2,234,2,234,0,0,228
"92",93,"medium","I clicked randomly until I got points","I didn't notice any",212,"""{\n  \""Tips\"": [],\n  \""Patterns\"": [],\n  \""NA\"": [\""I clicked randomly until I got points\"", \""I didn't notice any\""],\n  \""patterns_summary\"": \""No patterns were identified.\""\n}""",0,0,0,0,2,56,28
"93",94,"low","I was holding the rover to fuse the crystals more","i don't remember ",62,"""{\n  \""Tips\"": [\""I was holding the rover to fuse the crystals more\""],\n  \""Patterns\"": [],\n  \""NA\"": [\""i don't remember\""],\n  \""patterns_summary\"": \""\""\n}""",1,49,0,0,1,16,0
"94",95,"medium","Do not go with the shape or pattern that are similar. The pattern changes all the time, the first few moves are crucial.","Always check the hint on the top when moving the arrows, it sometimes show your outcome for a second before the question mark.",27,"""{\n  \""Tips\"": [\""Always check the hint on the top when moving the arrows, it sometimes show your outcome for a second before the question mark.\""],\n  \""Patterns\"": [\""Do not go with the shape or pattern that are similar.\"", \""The pattern changes all the time, the first few moves are crucial.\""],\n  \""NA\"": [],\n  \""patterns_summary\"": \""Avoid choosing similar shapes or patterns. Be aware that the game's pattern changes, with the first few moves being particularly important.\""\n}""",1,126,2,119,0,0,139
"95",96,"low","I just trusted my instincts when combining. ","shapes that are the same are not to be combined.",20,"""{\n  \""tips\"": [],\n  \""patterns\"": [\""shapes that are the same are not to be combined.\""],\n  \""NA\"": [\""I just trusted my instincts when combining.\""],\n  \""patterns_summary\"": \""Do not combine identical shapes.\""\n}""",0,0,1,48,1,43,32
"96",97,"medium","The triangles combine only with the diamonds and vice versa. The squares combine only with the circles and vice versa. Following this, choose a figure to start with and start matching with its geometric partner that has a different color or pattern. 
Example: I start with a square of stripes and combine it with a plain circle. Imagine that a plain square with different colour turns out, which I will combine with another circle with dots. And so on. When you can't combine more drop for later or collect depending on the moves you have left.","You can combine with colors or patterns that are different.
The triangles combine only with the diamonds and vice versa. The squares combine only with the circles and vice versa. ",110120,"""{\n\""tips\"": [\n\""The triangles combine only with the diamonds and vice versa.\"",\n\""The squares combine only with the circles and vice versa.\"",\n\""Following this, choose a figure to start with and start matching with its geometric partner that has a different color or pattern.\"",\n\""When you can't combine more drop for later or collect depending on the moves you have left.\""\n],\n\""patterns\"": [\n\""The triangles combine only with the diamonds and vice versa.\"",\n\""The squares combine only with the circles and vice versa.\"",\n\""You can combine with colors or patterns that are different.\""\n],\n\""NA\"": [],\n\""patterns_summary\"": \""Triangles can combine with diamonds and squares with circles. The combinations are based on different colors or patterns.\""\n}""",4,338,3,176,0,0,121
"97",98,"low","Guys, if you press the space bar continuosly you will loss the game as it will reduce the steps.","There are only red available despite many colours were shown and similar colours are very rare to produce more energy.",16,"""{\n  \""Tips\"": [\""Guys, if you press the space bar continuosly you will loss the game as it will reduce the steps.\""],\n  \""Patterns\"": [\""There are only red available despite many colours were shown and similar colours are very rare to produce more energy.\""],\n  \""NA\"": [],\n  \""patterns_summary\"": \""In the game, only red items are available though multiple colors are displayed, and matching similar colors to produce more energy is a rare event.\""\n}""",1,96,1,118,0,0,147
"98",99,"high","Try to match the shapes according to their colors ","Make sure the patterns are well coordinated. ",100026,"""{\n\""Tips\"": [\""Try to match the shapes according to their colors\"", \""Make sure the patterns are well coordinated.\""],\n\""Patterns\"": [],\n\""NA\"": [],\n\""patterns_summary\"": \""No specific patterns were identified in the responses.\""\n}""",2,93,0,0,0,0,54
"99",100,"medium","Pick a crystal up and merge it with other crystals.","I was seeing different colors in the crystals and seeing how valuable they was.",10102,"""{\n   \""tips\"": [\""Pick a crystal up and merge it with other crystals.\""],\n   \""patterns\"": [],\n   \""NA\"": [\""I was seeing different colors in the crystals and seeing how valuable they was.\""],\n   \""patterns_summary\"": \""No clear patterns identified.\""\n}""",1,51,0,0,1,79,29
"100",101,"high","Match alike shapes with different shades each transition","alike shapes lead to better values",310100,"""{\n  \""Tips\"": [],\n  \""Patterns\"": [\""Match alike shapes with different shades each transition\"", \""alike shapes lead to better values\""],\n  \""NA\"": [],\n  \""patterns_summary\"": \""Matching similar shapes with varying shades between transitions leads to higher game values\""\n}""",0,0,2,90,0,0,91
"101",102,"high","Try matching only the same shapes until you reach the purple color of this shape. ","I noticed that only the same shapes could be combined.",301020,"""{\n  \""Tips\"": [\""Try matching only the same shapes until you reach the purple color of this shape.\""],\n  \""Patterns\"": [\""I noticed that only the same shapes could be combined.\""],\n  \""NA\"": [],\n  \""patterns_summary\"": \""Only identical shapes can be combined in the game.\""\n}""",1,81,1,54,0,0,50
"102",103,"high","Try to take take the time to strategize properly. I didn't get it even after 40 moves.","I noticed none. I was kept guessing all the way through.",126,"""{\n  \""Tips\"" : [\""Try to take take the time to strategize properly.\""],\n  \""Patterns\"" : [],\n  \""NA\"" : [\""I didn't get it even after 40 moves.\"", \""I noticed none. I was kept guessing all the way through.\""],\n  \""patterns_summary\"" : \""\""\n}""",1,49,0,0,2,92,0
"103",104,"high","Pick the same shapes for the recipes. Be aware that some colour/patterns for the shapes can't fuse.","Shapes had to be the same for the recipes to fuse. Certain colours/patterns will not fuse.",100000,"""{\n  \""Tips\"": [\""Pick the same shapes for the recipes.\"", \""Shapes had to be the same for the recipes to fuse.\""],\n  \""Patterns\"": [\""Be aware that some colour/patterns for the shapes can't fuse.\"", \""Certain colours/patterns will not fuse.\""],\n  \""NA\"": [],\n  \""patterns_summary\"": \""The game requires the shapes for recipes to be identical. However, not all color/pattern combinations will successfully fuse.\""\n}""",2,87,2,100,0,0,125
"104",105,"medium","I have no clue what makes a match. I just systematically went row by row and checked.","I do not know any patterns or rules other than what was explained eearlier.",30,"""{\n  \""Tips\"": [],\n  \""Patterns\"": [],\n  \""NA\"": [\""I have no clue what makes a match. I just systematically went row by row and checked.\"", \""I do not know any patterns or rules other than what was explained earlier.\""],\n  \""patterns_summary\"": \""No clear patterns or strategies were identified by the participants.\""\n}""",0,0,0,0,2,159,68
"105",106,"high","Fuse similar shapes","Only identical shapes fuse",1006,"""{\n  \""Tips\"": [],\n  \""Patterns\"": [\""Fuse similar shapes\"", \""Only identical shapes fuse\""],\n  \""NA\"": [],\n  \""patterns_summary\"": \""Shapes can be fused, but only if they are identical.\""\n}""",0,0,2,45,0,0,52
"106",107,"medium","No tips, have fun","All seemed wrong, all the best!",0,"""{\n  \""Tips\"": [],\n  \""Patterns\"": [],\n  \""NA\"": [\""No tips, have fun\"", \""All seemed wrong, all the best!\""],\n  \""patterns_summary\"": \""\""\n}""",0,0,0,0,2,48,0
"107",108,"high","Form seems to be a determinant factor for the capacity of fusion (triangle fuses with triangle, etc.).","Form seems to be more important than the pattern.",400023,"""{\n  \""tips\"": [],\n  \""patterns\"": [\""Form seems to be a determinant factor for the capacity of fusion (triangle fuses with triangle, etc.).\"", \""Form seems to be more important than the pattern.\""],\n  \""NA\"": [],\n  \""patterns_summary\"": \""The shape or form of an item determines its ability to fuse with another item of the same form, taking precedence over the item's pattern.\""\n}""",0,0,2,151,0,0,138
"108",109,"medium","If you try a few matches and they don't work drop the crystal and start with another. my first match was a spotty red triangle and red diamond then a red checked diamond then a striped diamond. Most of my matches were with diamonds ","most of my matches seemed to be diamonds so maybe try these first ",1000,"""{\n\""Tips\"": [\""If you try a few matches and they don't work drop the crystal and start with another.\""],\n\""Patterns\"": [\""my first match was a spotty red triangle and red diamond then a red checked diamond then a striped diamond.\"", \""Most of my matches were with diamonds.\"", \""most of my matches seemed to be diamonds so maybe try these first\""],\n\""NA\"": [],\n\""patterns_summary\"": \""Both participants observed that diamonds were frequently involved in their successful matches. The first participant highlighted that the pattern of successful matching involved not only diamonds but also a spotty red triangle. This suggests that in order to have successful matches, diamonds and spotty red triangles should be tried first.\""\n}""",1,85,3,210,0,0,340
"109",110,"high","Shapes seem to influence fusion more than patterns do. ","Similar shapes are more likely to combine - square with square, etc. The solid shapes do not seem to combine with anything from what I could tell, but I may be wrong about that. Good luck! ",100000,"""{\n\""Tips\"": [\""Good luck!\""],\n\""Patterns\"": [\""Shapes seem to influence fusion more than patterns do.\"", \""Similar shapes are more likely to combine - square with square, etc.\"", \""The solid shapes do not seem to combine with anything from what I could tell, but I may be wrong about that.\""],\n\""NA\"": [],\n\""patterns_summary\"": \""The interaction of game objects is primarily determined by their shape, with similar shapes being more likely to combine. Solid shapes, however, appear not to interact with other items.\""\n}""",1,10,3,230,0,0,185
"110",111,"high","I had none, just went with my gut.","I didn't notice any patterns.",124,"""{\n  \""Tips\"": [],\n  \""Patterns\"": [],\n  \""NA\"": [\""I had none, just went with my gut.\"", \""I didn't notice any patterns.\""],\n  \""patterns_summary\"": \""No patterns were identified.\""\n}""",0,0,0,0,2,63,28
"111",112,"medium","diamond matches with triangle. circle matches with square. blank plus lines makes lines, blank plus crosshatch makes crosshatch. 

Make sure to mine the gems at the end when you have enough moves left!!","diamond matches with triangle. circle matches with square. blank plus lines makes lines, blank plus crosshatch makes crosshatch. ",431,"""{\n  \""Tips\"": [\""Make sure to mine the gems at the end when you have enough moves left!!\""],\n  \""Patterns\"": [\n    \""diamond matches with triangle. circle matches with square. blank plus lines makes lines, blank plus crosshatch makes crosshatch.\"",\n    \""diamond matches with triangle. circle matches with square. blank plus lines makes lines, blank plus crosshatch makes crosshatch.\""\n  ],\n  \""NA\"": [],\n  \""patterns_summary\"": \""Shapes in the game match with specific other shapes - diamonds with triangles and circles with squares. In addition, combining a blank with lines or a crosshatch results in lines or a crosshatch respectively.\""\n}""",1,71,2,256,0,0,208
"112",113,"medium","Try combining a circle with a square and a triangle with other triangles. ","In most cases, its one with a pattern and one without that a pattern that produce results",1210,"""{\n  \""Tips\"": [\""Try combining a circle with a square and a triangle with other triangles.\""],\n  \""Patterns\"": [\""In most cases, its one with a pattern and one without that a pattern that produce results\""],\n  \""NA\"": [],\n  \""patterns_summary\"": \""Mixing shapes with other shapes, particularly a patterned one with a non-patterned one, often produces results.\""\n}""",1,73,1,89,0,0,111
"113",114,"high","I suggest fusing together all the ones of the same shape (e.g. triangles) but not if you've already fused one with the same pattern. So you could fuse a plain triangle and a dotty triangle and a triangle with a checked pattern, but then don't fuse another dotty triangle after that. This technique worked every single time except once.","You can usually fuse together objects of the same shape, but you can't repeat objects with the same pattern. So you can't fuse a plain triangle, then a dotty triangle, then a plain triangle, for example. But you could fuse a plain triangle, then a dotty triangle, then a checked triangle, and so on.",211140,"""{\n  \""Tips\"": [],\n  \""Patterns\"": [\n    \""I suggest fusing together all the ones of the same shape (e.g. triangles) but not if you've already fused one with the same pattern. So you could fuse a plain triangle and a dotty triangle and a triangle with a checked pattern, but then don't fuse another dotty triangle after that. This technique worked every single time except once.\"",\n    \""You can usually fuse together objects of the same shape, but you can't repeat objects with the same pattern. So you can't fuse a plain triangle, then a dotty triangle, then a plain triangle, for example. But you could fuse a plain triangle, then a dotty triangle, then a checked triangle, and so on.\""\n  ],\n  \""NA\"": [],\n  \""patterns_summary\"": \""Objects of the same shape can typically be fused together, but repeating objects with the same pattern (e.g., plain, dotty, checked) during the process should be avoided. For example, one could fuse a plain triangle, a dotty triangle, and a checked triangle, but fusing another triangle with a similar pattern should not be repeated.\""\n}""",0,0,2,634,0,0,333
"114",115,"medium","Memprize the instructions because I didn't take enough time to do that and it hurt my ability to play well.","I didn't spend enough time on the rules so my play was mostly luck to get any points.",202,"""{\n\""tips\"": [\""Memorize the instructions because I didn't take enough time to do that and it hurt my ability to play well.\""],\n\""patterns\"": [],\n\""NA\"": [\""I didn't spend enough time on the rules so my play was mostly luck to get any points.\""],\n\""patterns_summary\"": \""No specific patterns were identified by the participants.\""\n}""",1,107,0,0,1,85,57
"115",116,"medium","Never go with two similar shaped crystals. combining different shapes might help to fuse. After you fuse it. Take it and harvest it in an empty space. ","I didn't notice any pattern but I believe it never fuses when you try to combine two similar shaped crystals.",48,"""{\n\""Tips\"": [\""Never go with two similar shaped crystals.\"", \""After you fuse it. Take it and harvest it in an empty space.\""],\n\""Patterns\"": [\""combining different shapes might help to fuse.\"", \""I didn't notice any pattern but I believe it never fuses when you try to combine two similar shaped crystals.\""],\n\""NA\"": [],\n\""patterns_summary\"": \""Try to avoid combining two similar shaped crystals. It seems combining different shaped crystals may help to fuse them.\""\n}""",2,102,2,155,0,0,119
"116",117,"medium","Try and merge different shapes together to create high coloured shapes, once found 2 shapes that merge well together, keep merging with the same shape consistentely.","Circle + square helps get a higher colour circle.",301000,"""{\n  \""Tips\"": [\n    \""Try and merge different shapes together to create high coloured shapes.\""\n  ],\n  \""Patterns\"": [\n    \""once found 2 shapes that merge well together, keep merging with the same shape consistently.\"",\n    \""Circle + square helps get a higher colour circle.\""\n  ],\n  \""NA\"": [],\n  \""patterns_summary\"": \""Merging the same two shapes consistently, especially a circle and a square, can lead to a higher colored shape.\""\n}""",1,71,2,141,0,0,111
"117",118,"medium","Can combine different colors together. Unsure of whether can fuse same shapes as I was unsuccessful. Checkered shapes can be combined with near full (checkered) shapes. The combined shape will combined properties, one of each shape (not color). Pressing spacebar will consume the item on an empty space, so make sure to press D to drop and not waste points!","Combined shapes retain properties of each items, the first item will be the shape, the pattern of the second. And colors do not have to be the same to be combined.",221,"""{\n  \""Tips\"": [\n    \""Pressing spacebar will consume the item on an empty space, so make sure to press D to drop and not waste points!\""\n  ],\n  \n  \""Patterns\"": [\n    \""Can combine different colors together.\"",\n    \""Unsure of whether can fuse same shapes as I was unsuccessful.\"",\n    \""Checkered shapes can be combined with near full (checkered) shapes.\"",\n    \""The combined shape will combined properties, one of each shape (not color).\"",\n    \""Combined shapes retain properties of each items, the first item will be the shape, the pattern of the second.\"",\n    \""And colors do not have to be the same to be combined.\""\n  ],\n\n  \""NA\"": [],\n  \n  \""patterns_summary\"": \""Different colors can be combined, and it is uncertain whether same shapes can be fused. Checkered shapes could potentially be combined with other fully checkered shapes. The combined shape will consist of properties from each original shape, apart from color. The first item in the combination determines the shape, whereas the second item contributes the pattern.\""\n}""",1,112,6,403,0,0,364
"118",119,"high","Try to start with solid colored shape and then combine it with striped one for the same color and shape. Keep combining same shape with different pattern within the same shape. ","Start with solid colored one shape and go for the same shape that has striped pattern inside. ",100,"""{\n  \""tips\"": [],\n  \""patterns\"": [\n    \""Try to start with solid colored shape and then combine it with striped one for the same color and shape.\"",\n    \""Keep combining same shape with different pattern within the same shape.\"",\n    \""Start with solid colored one shape and go for the same shape that has striped pattern inside.\""\n  ],\n  \""NA\"": [],\n  \""patterns_summary\"": \""Start with a solid-colored shape and then look for matching shapes with a striped pattern. Continue combining the same shapes with different variations of patterns within the shapes.\""\n}""",0,0,3,268,0,0,182
"119",120,"medium","I found that once I found a combination of shapes if I kept going for the same shape then the points would keep multiplying. I didn't notice any patterns between the different shadings of shapes only the actual shapes themselves. Once you get a purple gem don't forget to bank it as any other combinations won't increase value!","Triangle + Diamond (can keep stacking more diamonds)
Square + Circle (again keep stacking circles)
REMEMBER to pick up in the order stated (not sure what'll happen the opposite way)
",200213,"""{\n  \""Tips\"": [\n    \""Once you get a purple gem don't forget to bank it as any other combinations won't increase value!\"",\n    \""REMEMBER to pick up in the order stated (not sure what'll happen the opposite way)\""\n  ],\n  \""Patterns\"": [\n    \""I found that once I found a combination of shapes if I kept going for the same shape then the points would keep multiplying.\"",\n    \""I didn't notice any patterns between the different shadings of shapes only the actual shapes themselves.\"",\n    \""Triangle + Diamond (can keep stacking more diamonds)\"",\n    \""Square + Circle (again keep stacking circles)\""\n  ],\n  \""NA\"": [],\n  \""patterns_summary\"": \""Points multiply by consistently selecting similar shapes. No patterns have been found between different shadings. Combinations of Triangle + Diamond and Square + Circle can be stacked for better results.\""\n}""",2,179,4,325,0,0,203
